Path;SteerAngle;Throttle;Brake;Speed;X_Position;Y_Position;Pitch;Yaw;Roll
/Users/admin/Documents/coding/Robotics-Nanodegree/IMG/robocam_2017_05_30_03_09_32_709.jpg;0;0;1;0;99.66999;85.58897;0.0002360559;56.82555;2.713379E-07
/Users/admin/Documents/coding/Robotics-Nanodegree/IMG/robocam_2017_05_30_03_09_32_767.jpg;0;0;0;0;99.66999;85.58897;0.0002359384;56.82555;2.920061E-07
/Users/admin/Documents/coding/Robotics-Nanodegree/IMG/robocam_2017_05_30_03_09_32_834.jpg;0;0;0;0;99.66999;85.58897;0.0002358057;56.82555;3.638204E-07
/Users/admin/Documents/coding/Robotics-Nanodegree/IMG/robocam_2017_05_30_03_09_32_901.jpg;0;0;0;0;99.66999;85.58897;0.00023576;56.82555;5.17246E-07
/Users/admin/Documents/coding/Robotics-Nanodegree/IMG/robocam_2017_05_30_03_09_32_967.jpg;0;0;0;0;99.66999;85.58897;0.0002356424;56.82555;5.379142E-07
/Users/admin/Documents/coding/Robotics-Nanodegree/IMG/robocam_2017_05_30_03_09_33_034.jpg;0;0;0;0;99.66999;85.58897;0.0002354379;56.82555;4.769778E-07
/Users/admin/Documents/coding/Robotics-Nanodegree/IMG/robocam_2017_05_30_03_09_33_101.jpg;0;0;0;0;99.66999;85.58897;0.0002354074;56.82555;5.792571E-07
/Users/admin/Documents/coding/Robotics-Nanodegree/IMG/robocam_2017_05_30_03_09_33_167.jpg;0;0;0;0;99.66999;85.58897;0.0002353922;56.82555;6.303968E-07
/Users/admin/Documents/coding/Robotics-Nanodegree/IMG/robocam_2017_05_30_03_09_33_234.jpg;0;0;0;0;99.66999;85.58897;0.0002353769;56.82555;6.815364E-07
/Users/admin/Documents/coding/Robotics-Nanodegree/IMG/robocam_2017_05_30_03_09_33_301.jpg;0;0;0;0;99.66999;85.58897;0.0002353769;56.82555;6.815364E-07
/Users/admin/Documents/coding/Robotics-Nanodegree/IMG/robocam_2017_05_30_03_09_33_368.jpg;0;0;0;0;99.66999;85.58897;0.0002353769;56.82555;6.815364E-07
/Users/admin/Documents/coding/Robotics-Nanodegree/IMG/robocam_2017_05_30_03_09_33_434.jpg;0;0;0;0;99.66999;85.58897;0.0002349678;56.82555;5.596701E-07
/Users/admin/Documents/coding/Robotics-Nanodegree/IMG/robocam_2017_05_30_03_09_33_501.jpg;0;0;0;0;99.66999;85.58897;0.000234661;56.82555;4.682754E-07
/Users/admin/Documents/coding/Robotics-Nanodegree/IMG/robocam_2017_05_30_03_09_33_567.jpg;0;0;0;0;99.66999;85.58897;0.0002343541;56.82555;3.768741E-07
/Users/admin/Documents/coding/Robotics-Nanodegree/IMG/robocam_2017_05_30_03_09_33_634.jpg;0;0;0;0;99.66999;85.58897;0.000233945;56.82555;2.550078E-07
/Users/admin/Documents/coding/Robotics-Nanodegree/IMG/robocam_2017_05_30_03_09_33_700.jpg;0;0;0;0;99.66999;85.58897;0.0002336382;56.82555;1.63613E-07
/Users/admin/Documents/coding/Robotics-Nanodegree/IMG/robocam_2017_05_30_03_09_33_767.jpg;0;0;0;0;99.66999;85.58897;0.0002336382;56.82555;1.63613E-07
/Users/admin/Documents/coding/Robotics-Nanodegree/IMG/robocam_2017_05_30_03_09_33_834.jpg;0;0;0;0;99.66999;85.58897;0.0002336382;56.82555;1.63613E-07
/Users/admin/Documents/coding/Robotics-Nanodegree/IMG/robocam_2017_05_30_03_09_33_901.jpg;0;0;0;0;99.66999;85.58897;0.0002336382;56.82555;1.63613E-07
/Users/admin/Documents/coding/Robotics-Nanodegree/IMG/robocam_2017_05_30_03_09_33_967.jpg;0;0;0;0;99.66999;85.58897;0.0002336382;56.82555;1.63613E-07
/Users/admin/Documents/coding/Robotics-Nanodegree/IMG/robocam_2017_05_30_03_09_34_034.jpg;0;0;0;0;99.66999;85.58897;0.0002336839;56.82555;1.019406E-08
/Users/admin/Documents/coding/Robotics-Nanodegree/IMG/robocam_2017_05_30_03_09_34_101.jpg;0;0.09998703;0;0;99.66995;85.58893;-0.001251989;56.82567;-1.100568E-07
/Users/admin/Documents/coding/Robotics-Nanodegree/IMG/robocam_2017_05_30_03_09_34_167.jpg;0;0.3000031;0;0;99.6703;85.58946;0.01275471;56.71082;0.0001378794
/Users/admin/Documents/coding/Robotics-Nanodegree/IMG/robocam_2017_05_30_03_09_34_234.jpg;0;0.5001331;0;0.0276963;99.6727;85.59313;0.10473;56.81108;5.265057E-05
/Users/admin/Documents/coding/Robotics-Nanodegree/IMG/robocam_2017_05_30_03_09_34_301.jpg;0;0.700014;0;0.04849977;99.67564;85.59766;0.2113887;56.99282;-0.0005217926
/Users/admin/Documents/coding/Robotics-Nanodegree/IMG/robocam_2017_05_30_03_09_34_368.jpg;0;0.9000601;0;0.0985316;99.68102;85.60592;0.4027306;56.896;0.0001563978
/Users/admin/Documents/coding/Robotics-Nanodegree/IMG/robocam_2017_05_30_03_09_34_434.jpg;0;1;0;0.1545517;99.69085;85.62099;0.6952109;56.96482;0.0004478506
/Users/admin/Documents/coding/Robotics-Nanodegree/IMG/robocam_2017_05_30_03_09_34_501.jpg;0;1;0;0.1978279;99.70022;85.63535;0.9370618;56.99508;2.737778E-05
/Users/admin/Documents/coding/Robotics-Nanodegree/IMG/robocam_2017_05_30_03_09_34_568.jpg;0;1;0;0.2617049;99.71109;85.6519;1.180861;56.94062;-0.001241063
/Users/admin/Documents/coding/Robotics-Nanodegree/IMG/robocam_2017_05_30_03_09_34_634.jpg;0;1;0;0.3104916;99.72635;85.67545;1.313339;56.76411;-0.001897931
/Users/admin/Documents/coding/Robotics-Nanodegree/IMG/robocam_2017_05_30_03_09_34_700.jpg;0;1;0;0.3787591;99.73759;85.69279;1.159377;56.78136;-0.001131162
/Users/admin/Documents/coding/Robotics-Nanodegree/IMG/robocam_2017_05_30_03_09_34_768.jpg;0;1;0;0.4338447;99.75179;85.71432;1.085044;56.74817;-1.288896E-05
/Users/admin/Documents/coding/Robotics-Nanodegree/IMG/robocam_2017_05_30_03_09_34_834.jpg;-1.49733;1;0;0.4994257;99.7742;85.74797;1.083473;56.71869;0.0001551211
/Users/admin/Documents/coding/Robotics-Nanodegree/IMG/robocam_2017_05_30_03_09_34_901.jpg;-4.501981;1;0;0.5372192;99.79381;85.77607;1.131699;56.47559;0.001016269
/Users/admin/Documents/coding/Robotics-Nanodegree/IMG/robocam_2017_05_30_03_09_34_967.jpg;-7.49844;1;0;0.6043977;99.8159;85.8064;1.209145;56.16006;0.001177056
/Users/admin/Documents/coding/Robotics-Nanodegree/IMG/robocam_2017_05_30_03_09_35_034.jpg;-10.4692;1;0;0.6499189;99.84865;85.8483;1.230855;55.50134;0.001267639
/Users/admin/Documents/coding/Robotics-Nanodegree/IMG/robocam_2017_05_30_03_09_35_101.jpg;-10.50034;1;0;0.7063025;99.87557;85.8811;1.188685;54.9633;0.0027376
/Users/admin/Documents/coding/Robotics-Nanodegree/IMG/robocam_2017_05_30_03_09_35_167.jpg;-7.501452;1;0;0.7800726;99.90488;85.91711;1.18947;54.39817;0.003745859
/Users/admin/Documents/coding/Robotics-Nanodegree/IMG/robocam_2017_05_30_03_09_35_234.jpg;-4.501034;1;0;0.81758;99.94625;85.96923;1.212478;53.82589;0.002022109
/Users/admin/Documents/coding/Robotics-Nanodegree/IMG/robocam_2017_05_30_03_09_35_300.jpg;-1.536613;1;0;0.8690107;99.97907;86.01196;1.235924;53.60551;0.0001754646
/Users/admin/Documents/coding/Robotics-Nanodegree/IMG/robocam_2017_05_30_03_09_35_368.jpg;0;1;0;0.9399197;100.0129;86.05715;1.238438;53.49994;0.0001539286
/Users/admin/Documents/coding/Robotics-Nanodegree/IMG/robocam_2017_05_30_03_09_35_435.jpg;0;1;0;0.9922201;100.0606;86.12113;1.223616;53.48039;-0.0006932889
/Users/admin/Documents/coding/Robotics-Nanodegree/IMG/robocam_2017_05_30_03_09_35_501.jpg;0;1;0;1.040142;100.0982;86.17165;1.213694;53.46372;-0.0003233326
/Users/admin/Documents/coding/Robotics-Nanodegree/IMG/robocam_2017_05_30_03_09_35_567.jpg;0;1;0;1.095096;100.1377;86.22444;1.217709;53.45897;-0.0006190189
/Users/admin/Documents/coding/Robotics-Nanodegree/IMG/robocam_2017_05_30_03_09_35_634.jpg;0;1;0;1.146471;100.193;86.29855;1.224268;53.40611;-0.0006700718
/Users/admin/Documents/coding/Robotics-Nanodegree/IMG/robocam_2017_05_30_03_09_35_701.jpg;0;1;0;1.191678;100.2365;86.35674;1.229951;53.36464;-0.000608534
/Users/admin/Documents/coding/Robotics-Nanodegree/IMG/robocam_2017_05_30_03_09_35_768.jpg;0;1;0;1.254675;100.2817;86.41712;1.23184;53.33577;-0.0006436539
/Users/admin/Documents/coding/Robotics-Nanodegree/IMG/robocam_2017_05_30_03_09_35_834.jpg;0;1;0;1.303185;100.3448;86.50117;1.236222;53.30199;-0.00080172
/Users/admin/Documents/coding/Robotics-Nanodegree/IMG/robocam_2017_05_30_03_09_35_901.jpg;0;1;0;1.350533;100.3941;86.56684;1.239641;53.28126;-0.0008434589
/Users/admin/Documents/coding/Robotics-Nanodegree/IMG/robocam_2017_05_30_03_09_35_968.jpg;0;1;0;1.415267;100.4452;86.63474;1.242805;53.26393;-0.0008869058
/Users/admin/Documents/coding/Robotics-Nanodegree/IMG/robocam_2017_05_30_03_09_36_035.jpg;0;1;0;1.461152;100.516;86.72884;1.250587;53.24391;-0.0009051089
/Users/admin/Documents/coding/Robotics-Nanodegree/IMG/robocam_2017_05_30_03_09_36_101.jpg;0;1;0;1.50814;100.571;86.80194;1.252373;53.23254;-0.0009299016
/Users/admin/Documents/coding/Robotics-Nanodegree/IMG/robocam_2017_05_30_03_09_36_168.jpg;0;1;0;1.570226;100.6278;86.8773;1.256983;53.22321;-0.0009857588
/Users/admin/Documents/coding/Robotics-Nanodegree/IMG/robocam_2017_05_30_03_09_36_235.jpg;0;1;0;1.616724;100.7061;86.98121;1.261389;53.20765;-0.001006469
/Users/admin/Documents/coding/Robotics-Nanodegree/IMG/robocam_2017_05_30_03_09_36_301.jpg;0;1;0;1.663705;100.7668;87.06173;1.265958;53.19534;-0.0009962769
/Users/admin/Documents/coding/Robotics-Nanodegree/IMG/robocam_2017_05_30_03_09_36_368.jpg;0;1;0;1.7242;100.8292;87.14443;1.270136;53.18617;-0.001031505
/Users/admin/Documents/coding/Robotics-Nanodegree/IMG/robocam_2017_05_30_03_09_36_435.jpg;0;1;0;1.770788;100.915;87.25813;1.277019;53.16991;-0.001047627
/Users/admin/Documents/coding/Robotics-Nanodegree/IMG/robocam_2017_05_30_03_09_36_501.jpg;0;1;0;1.815793;100.9813;87.34592;1.281283;53.15851;-0.001063641
/Users/admin/Documents/coding/Robotics-Nanodegree/IMG/robocam_2017_05_30_03_09_36_568.jpg;0;1;0;1.87709;101.0493;87.43588;1.286718;53.14747;-0.001090624
/Users/admin/Documents/coding/Robotics-Nanodegree/IMG/robocam_2017_05_30_03_09_36_635.jpg;0;1;0;1.922343;101.1425;87.55911;1.289286;53.1332;-0.00108857
/Users/admin/Documents/coding/Robotics-Nanodegree/IMG/robocam_2017_05_30_03_09_36_701.jpg;0;1;0;1.96743;101.2143;87.65409;1.294439;53.12269;-0.001130285
/Users/admin/Documents/coding/Robotics-Nanodegree/IMG/robocam_2017_05_30_03_09_36_767.jpg;0;1;0;2.02724;101.2878;87.75117;1.298107;53.11159;-0.001146379
/Users/admin/Documents/coding/Robotics-Nanodegree/IMG/robocam_2017_05_30_03_09_36_834.jpg;0;1;0;2.071995;101.3883;87.88393;1.303193;53.09669;-0.001176724
/Users/admin/Documents/coding/Robotics-Nanodegree/IMG/robocam_2017_05_30_03_09_36_900.jpg;0;1;0;2.116614;101.4656;87.986;1.308145;53.08416;-0.001193807
/Users/admin/Documents/coding/Robotics-Nanodegree/IMG/robocam_2017_05_30_03_09_36_968.jpg;0;1;0;2.175787;101.5444;88.0901;1.308863;53.07308;-0.001194928
/Users/admin/Documents/coding/Robotics-Nanodegree/IMG/robocam_2017_05_30_03_09_37_034.jpg;0;1;0;2.219779;101.6522;88.23221;1.312503;53.05842;-0.001203843
/Users/admin/Documents/coding/Robotics-Nanodegree/IMG/robocam_2017_05_30_03_09_37_101.jpg;0;1;0;2.263915;101.7349;88.34126;1.317167;53.04637;-0.001232321
/Users/admin/Documents/coding/Robotics-Nanodegree/IMG/robocam_2017_05_30_03_09_37_168.jpg;0;1;0;2.322171;101.8192;88.45236;1.321817;53.03658;-0.001273075
/Users/admin/Documents/coding/Robotics-Nanodegree/IMG/robocam_2017_05_30_03_09_37_235.jpg;0;1;0;2.366006;101.934;88.60371;1.32541;53.01988;-0.001271342
/Users/admin/Documents/coding/Robotics-Nanodegree/IMG/robocam_2017_05_30_03_09_37_301.jpg;0;1;0;2.409396;102.0221;88.71968;1.331427;53.0087;-0.001300782
/Users/admin/Documents/coding/Robotics-Nanodegree/IMG/robocam_2017_05_30_03_09_37_367.jpg;0;1;0;2.467349;102.1117;88.83757;1.328889;52.99728;-0.001285115
/Users/admin/Documents/coding/Robotics-Nanodegree/IMG/robocam_2017_05_30_03_09_37_434.jpg;0;1;0;2.510388;102.2337;88.99802;1.331294;52.98127;-0.001300782
/Users/admin/Documents/coding/Robotics-Nanodegree/IMG/robocam_2017_05_30_03_09_37_501.jpg;-1.543319;1;0;2.553277;102.3274;89.12051;1.335605;52.89341;-0.0009698301
/Users/admin/Documents/coding/Robotics-Nanodegree/IMG/robocam_2017_05_30_03_09_37_568.jpg;-4.502024;1;0;2.610619;102.4238;89.24392;1.33247;52.53799;0.0002138481
/Users/admin/Documents/coding/Robotics-Nanodegree/IMG/robocam_2017_05_30_03_09_37_635.jpg;-7.545915;1;0;2.651183;102.558;89.40865;1.320904;51.48016;-0.001198056
/Users/admin/Documents/coding/Robotics-Nanodegree/IMG/robocam_2017_05_30_03_09_37_701.jpg;-10.54579;1;0;2.691106;102.6642;89.53085;1.296462;50.22774;359.9449
/Users/admin/Documents/coding/Robotics-Nanodegree/IMG/robocam_2017_05_30_03_09_37_768.jpg;-13.54576;1;0;2.742037;102.7751;89.65062;1.218918;48.58623;359.8563
/Users/admin/Documents/coding/Robotics-Nanodegree/IMG/robocam_2017_05_30_03_09_37_835.jpg;-15;1;0;2.77853;102.9311;89.80428;1.000891;45.84545;359.6729
/Users/admin/Documents/coding/Robotics-Nanodegree/IMG/robocam_2017_05_30_03_09_37_901.jpg;-15;1;0;2.816592;103.0542;89.91546;0.7829695;43.70163;359.4871
/Users/admin/Documents/coding/Robotics-Nanodegree/IMG/robocam_2017_05_30_03_09_37_968.jpg;-15;1;0;2.866757;103.1823;90.02304;0.5278464;41.55248;359.2678
/Users/admin/Documents/coding/Robotics-Nanodegree/IMG/robocam_2017_05_30_03_09_38_034.jpg;-13.51657;1;0;2.902735;103.3604;90.16109;0.137934;38.76115;358.9551
/Users/admin/Documents/coding/Robotics-Nanodegree/IMG/robocam_2017_05_30_03_09_38_101.jpg;-10.53164;1;0;2.941443;103.4994;90.26336;359.8964;37.06984;358.7822
/Users/admin/Documents/coding/Robotics-Nanodegree/IMG/robocam_2017_05_30_03_09_38_168.jpg;-7.499087;1;0;2.984773;103.6433;90.36811;359.8708;35.83776;358.7914
/Users/admin/Documents/coding/Robotics-Nanodegree/IMG/robocam_2017_05_30_03_09_38_234.jpg;-4.498937;1;0;3.023552;103.8444;90.50909;0.06098466;34.61339;358.9665
/Users/admin/Documents/coding/Robotics-Nanodegree/IMG/robocam_2017_05_30_03_09_38_301.jpg;-1.496805;1;0;3.068382;103.9989;90.61413;0.183261;34.09521;359.1095
/Users/admin/Documents/coding/Robotics-Nanodegree/IMG/robocam_2017_05_30_03_09_38_368.jpg;0;1;0;3.122186;104.1563;90.7207;0.3428363;33.93327;359.266
/Users/admin/Documents/coding/Robotics-Nanodegree/IMG/robocam_2017_05_30_03_09_38_435.jpg;0;1;0;3.161462;104.3703;90.86514;0.6155132;33.89988;359.4799
/Users/admin/Documents/coding/Robotics-Nanodegree/IMG/robocam_2017_05_30_03_09_38_500.jpg;0;1;0;3.200713;104.5336;90.97535;0.8518968;33.9096;359.6457
/Users/admin/Documents/coding/Robotics-Nanodegree/IMG/robocam_2017_05_30_03_09_38_567.jpg;0;1;0;3.253062;104.6988;91.08717;1.101318;33.93445;359.8181
/Users/admin/Documents/coding/Robotics-Nanodegree/IMG/robocam_2017_05_30_03_09_38_634.jpg;0;1;0;3.29263;104.9224;91.23775;1.418789;33.9499;0.008414811
/Users/admin/Documents/coding/Robotics-Nanodegree/IMG/robocam_2017_05_30_03_09_38_701.jpg;0;1;0;3.33025;105.0905;91.3483;1.440368;33.94403;-0.002724185
/Users/admin/Documents/coding/Robotics-Nanodegree/IMG/robocam_2017_05_30_03_09_38_767.jpg;0;1;0;3.393303;105.2594;91.46035;1.382813;33.9398;-0.0008843935
/Users/admin/Documents/coding/Robotics-Nanodegree/IMG/robocam_2017_05_30_03_09_38_834.jpg;0;1;0;3.433052;105.4882;91.61253;1.351484;33.91288;-0.0008874777
/Users/admin/Documents/coding/Robotics-Nanodegree/IMG/robocam_2017_05_30_03_09_38_901.jpg;0;1;0;3.471958;105.6625;91.72854;1.359086;33.88955;-0.0009791269
/Users/admin/Documents/coding/Robotics-Nanodegree/IMG/robocam_2017_05_30_03_09_38_968.jpg;0;1;0;3.523722;105.839;91.84602;1.388069;33.86612;-0.001038867
/Users/admin/Documents/coding/Robotics-Nanodegree/IMG/robocam_2017_05_30_03_09_39_035.jpg;0;1;0;3.562062;106.0774;92.00455;1.425707;33.83652;-0.001681654
/Users/admin/Documents/coding/Robotics-Nanodegree/IMG/robocam_2017_05_30_03_09_39_101.jpg;0;1;0;3.602015;106.2582;92.12465;1.427285;33.81824;-0.001737488
/Users/admin/Documents/coding/Robotics-Nanodegree/IMG/robocam_2017_05_30_03_09_39_167.jpg;0;1;0;3.654644;106.4409;92.24592;1.420155;33.80463;-0.001243583
/Users/admin/Documents/coding/Robotics-Nanodegree/IMG/robocam_2017_05_30_03_09_39_234.jpg;0;1;0;3.693245;106.6878;92.40963;1.424318;33.77871;-0.001588723
/Users/admin/Documents/coding/Robotics-Nanodegree/IMG/robocam_2017_05_30_03_09_39_301.jpg;0;1;0;3.732035;106.8753;92.53384;1.425428;33.75991;-0.001603616
/Users/admin/Documents/coding/Robotics-Nanodegree/IMG/robocam_2017_05_30_03_09_39_367.jpg;0;1;0;3.783343;107.0647;92.65926;1.428146;33.74037;-0.001697989
/Users/admin/Documents/coding/Robotics-Nanodegree/IMG/robocam_2017_05_30_03_09_39_435.jpg;0;1;0;3.821836;107.3204;92.82841;1.433452;33.71471;-0.001633407
/Users/admin/Documents/coding/Robotics-Nanodegree/IMG/robocam_2017_05_30_03_09_39_501.jpg;0;1;0;3.860592;107.5144;92.95666;1.436877;33.69444;-0.001752655
/Users/admin/Documents/coding/Robotics-Nanodegree/IMG/robocam_2017_05_30_03_09_39_568.jpg;0;1;0;3.910972;107.7104;93.08612;1.441098;33.67585;-0.001288699
/Users/admin/Documents/coding/Robotics-Nanodegree/IMG/robocam_2017_05_30_03_09_39_635.jpg;0;1;0;3.949436;107.9747;93.26053;1.442787;33.64746;-0.00178207
/Users/admin/Documents/coding/Robotics-Nanodegree/IMG/robocam_2017_05_30_03_09_39_701.jpg;0;1;0;3.987396;108.1753;93.39276;1.44806;33.62672;-0.001671956
/Users/admin/Documents/coding/Robotics-Nanodegree/IMG/robocam_2017_05_30_03_09_39_768.jpg;0;1;0;4.037603;108.3777;93.52615;1.452005;33.60663;-0.001224331
/Users/admin/Documents/coding/Robotics-Nanodegree/IMG/robocam_2017_05_30_03_09_39_834.jpg;0;1;0;4.074589;108.6507;93.7058;1.456578;33.57764;-0.001240934
/Users/admin/Documents/coding/Robotics-Nanodegree/IMG/robocam_2017_05_30_03_09_39_901.jpg;0;1;0;4.111825;108.8576;93.84185;1.457148;33.55553;-0.001349559
/Users/admin/Documents/coding/Robotics-Nanodegree/IMG/robocam_2017_05_30_03_09_39_968.jpg;0;1;0;4.1615;109.0665;93.9791;1.462975;33.53265;-0.001368298
/Users/admin/Documents/coding/Robotics-Nanodegree/IMG/robocam_2017_05_30_03_09_40_035.jpg;0;1;0;4.199141;109.348;94.16383;1.466492;33.50219;-0.001371129
/Users/admin/Documents/coding/Robotics-Nanodegree/IMG/robocam_2017_05_30_03_09_40_101.jpg;0;1;0;4.235619;109.5614;94.30371;1.470162;33.47913;-0.001278146
/Users/admin/Documents/coding/Robotics-Nanodegree/IMG/robocam_2017_05_30_03_09_40_168.jpg;0;1;0;4.285111;109.7766;94.44468;1.472306;33.45393;-0.001783962
/Users/admin/Documents/coding/Robotics-Nanodegree/IMG/robocam_2017_05_30_03_09_40_235.jpg;0;1;0;4.321665;110.0665;94.63439;1.475705;33.4214;-0.00191234
/Users/admin/Documents/coding/Robotics-Nanodegree/IMG/robocam_2017_05_30_03_09_40_301.jpg;0;1;0;4.358436;110.2862;94.77801;1.481195;33.39836;-0.001317653
/Users/admin/Documents/coding/Robotics-Nanodegree/IMG/robocam_2017_05_30_03_09_40_368.jpg;0;1;0;4.40672;110.5078;94.92267;1.482892;33.37178;-0.001821336
/Users/admin/Documents/coding/Robotics-Nanodegree/IMG/robocam_2017_05_30_03_09_40_434.jpg;0;1;0;4.442882;110.8062;95.11729;1.488277;33.33854;-0.001457243
/Users/admin/Documents/coding/Robotics-Nanodegree/IMG/robocam_2017_05_30_03_09_40_501.jpg;0;1;0;4.478926;111.0321;95.26451;1.492751;33.3122;-0.001468989
/Users/admin/Documents/coding/Robotics-Nanodegree/IMG/robocam_2017_05_30_03_09_40_568.jpg;0;1;0;4.52703;111.2599;95.41279;1.493941;33.28665;-0.001377979
/Users/admin/Documents/coding/Robotics-Nanodegree/IMG/robocam_2017_05_30_03_09_40_635.jpg;0;1;0;4.562702;111.5665;95.61208;1.489728;33.2434;-0.001470055
/Users/admin/Documents/coding/Robotics-Nanodegree/IMG/robocam_2017_05_30_03_09_40_701.jpg;0;1;0;4.598776;111.7987;95.76277;1.486084;33.21049;-0.001344665
/Users/admin/Documents/coding/Robotics-Nanodegree/IMG/robocam_2017_05_30_03_09_40_768.jpg;0;1;0;4.645658;112.0328;95.9146;1.49359;33.17783;-0.001366982
/Users/admin/Documents/coding/Robotics-Nanodegree/IMG/robocam_2017_05_30_03_09_40_835.jpg;0;1;0;4.680698;112.3479;96.11859;1.500988;33.13271;-0.001459867
/Users/admin/Documents/coding/Robotics-Nanodegree/IMG/robocam_2017_05_30_03_09_40_901.jpg;-3.002534;1;0;4.71657;112.5867;96.27194;1.498536;32.94212;-0.0005440933
/Users/admin/Documents/coding/Robotics-Nanodegree/IMG/robocam_2017_05_30_03_09_40_967.jpg;-6.002596;1;0;4.762612;112.8285;96.42466;1.502901;32.46895;3.288159E-05
/Users/admin/Documents/coding/Robotics-Nanodegree/IMG/robocam_2017_05_30_03_09_41_035.jpg;-9.002701;1;0;4.796684;113.1561;96.62524;1.486564;31.29871;-0.002978645
/Users/admin/Documents/coding/Robotics-Nanodegree/IMG/robocam_2017_05_30_03_09_41_101.jpg;-6.007456;1;0;4.829953;113.4055;96.77306;1.443263;30.30951;359.9654
/Users/admin/Documents/coding/Robotics-Nanodegree/IMG/robocam_2017_05_30_03_09_41_168.jpg;-3.013065;1;0;4.876551;113.6577;96.91936;1.379237;29.53596;359.9062
/Users/admin/Documents/coding/Robotics-Nanodegree/IMG/robocam_2017_05_30_03_09_41_234.jpg;-0.0444147;1;0;4.911534;113.9976;97.11387;1.267713;29.0275;359.8299
/Users/admin/Documents/coding/Robotics-Nanodegree/IMG/robocam_2017_05_30_03_09_41_300.jpg;0;1;0;4.946609;114.2553;97.25986;1.18953;28.92532;359.777
/Users/admin/Documents/coding/Robotics-Nanodegree/IMG/robocam_2017_05_30_03_09_41_368.jpg;0;1;0;4.991889;114.5154;97.40633;1.128509;28.91068;359.7328
/Users/admin/Documents/coding/Robotics-Nanodegree/IMG/robocam_2017_05_30_03_09_41_434.jpg;0;1;0;5.009689;114.8647;97.6021;1.093339;28.94535;359.684
/Users/admin/Documents/coding/Robotics-Nanodegree/IMG/robocam_2017_05_30_03_09_41_501.jpg;0;1;0;5.018187;115.1274;97.74937;1.10169;28.95621;359.6751
/Users/admin/Documents/coding/Robotics-Nanodegree/IMG/robocam_2017_05_30_03_09_41_568.jpg;0;1;0;5.012731;115.3895;97.89671;1.104449;29.03857;359.7044
/Users/admin/Documents/coding/Robotics-Nanodegree/IMG/robocam_2017_05_30_03_09_41_635.jpg;0;1;0;5.017015;115.7394;98.09357;1.139786;29.12653;359.7722
/Users/admin/Documents/coding/Robotics-Nanodegree/IMG/robocam_2017_05_30_03_09_41_701.jpg;0;1;0;5.020028;116.0027;98.24192;1.205491;29.15034;359.8382
/Users/admin/Documents/coding/Robotics-Nanodegree/IMG/robocam_2017_05_30_03_09_41_768.jpg;0;1;0;5.011211;116.2652;98.39014;1.269547;29.23774;359.9161
/Users/admin/Documents/coding/Robotics-Nanodegree/IMG/robocam_2017_05_30_03_09_41_835.jpg;0;1;0;5.018473;116.6166;98.58823;1.393582;29.26746;-0.003485655
/Users/admin/Documents/coding/Robotics-Nanodegree/IMG/robocam_2017_05_30_03_09_41_901.jpg;0;1;0;4.991307;116.8802;98.73558;1.473416;29.29144;-0.00315531
/Users/admin/Documents/coding/Robotics-Nanodegree/IMG/robocam_2017_05_30_03_09_41_968.jpg;0;1;0;5.016893;117.1434;98.88249;1.510245;29.27273;-0.005340555
/Users/admin/Documents/coding/Robotics-Nanodegree/IMG/robocam_2017_05_30_03_09_42_035.jpg;0;1;0;4.984531;117.4932;99.0771;1.462495;29.23644;-0.001856442
/Users/admin/Documents/coding/Robotics-Nanodegree/IMG/robocam_2017_05_30_03_09_42_101.jpg;0;1;0;5.010002;117.756;99.22287;1.447465;29.20272;-0.00140544
/Users/admin/Documents/coding/Robotics-Nanodegree/IMG/robocam_2017_05_30_03_09_42_168.jpg;0;1;0;5.00383;118.0195;99.36871;1.452597;29.18067;-0.001861398
/Users/admin/Documents/coding/Robotics-Nanodegree/IMG/robocam_2017_05_30_03_09_42_235.jpg;0;1;0;5.01551;118.3707;99.56271;1.465986;29.10965;-0.001430806
/Users/admin/Documents/coding/Robotics-Nanodegree/IMG/robocam_2017_05_30_03_09_42_301.jpg;0;1;0;5.015749;118.6347;99.70831;1.494565;29.08231;-0.001770902
/Users/admin/Documents/coding/Robotics-Nanodegree/IMG/robocam_2017_05_30_03_09_42_368.jpg;3.006316;1;0;5.027884;118.8977;99.8539;1.49688;29.12709;-0.0009362689
/Users/admin/Documents/coding/Robotics-Nanodegree/IMG/robocam_2017_05_30_03_09_42_435.jpg;6.006104;1;0;5.014319;119.2467;100.051;1.470599;29.69759;0.02328912
/Users/admin/Documents/coding/Robotics-Nanodegree/IMG/robocam_2017_05_30_03_09_42_501.jpg;9.006211;1;0;5.005073;119.5056;100.2023;1.412276;30.60818;0.0788144
/Users/admin/Documents/coding/Robotics-Nanodegree/IMG/robocam_2017_05_30_03_09_42_568.jpg;12.00627;1;0;4.996064;119.7599;100.3579;1.274063;31.81279;0.196768
/Users/admin/Documents/coding/Robotics-Nanodegree/IMG/robocam_2017_05_30_03_09_42_635.jpg;15;1;0;5.019833;120.0906;100.5749;0.9777352;34.21627;0.4518006
/Users/admin/Documents/coding/Robotics-Nanodegree/IMG/robocam_2017_05_30_03_09_42_701.jpg;15;1;0;5.006306;120.331;100.7447;0.6374413;36.22805;0.7048943
/Users/admin/Documents/coding/Robotics-Nanodegree/IMG/robocam_2017_05_30_03_09_42_768.jpg;15;1;0;5.008748;120.5644;100.9215;0.2296665;38.36686;1.027252
/Users/admin/Documents/coding/Robotics-Nanodegree/IMG/robocam_2017_05_30_03_09_42_835.jpg;15;1;0;5.007195;120.8677;101.1679;359.7374;41.00608;1.432381
/Users/admin/Documents/coding/Robotics-Nanodegree/IMG/robocam_2017_05_30_03_09_42_901.jpg;15;1;0;5.001001;121.0957;101.3607;359.7008;42.70099;1.473124
/Users/admin/Documents/coding/Robotics-Nanodegree/IMG/robocam_2017_05_30_03_09_42_967.jpg;12.00818;1;0;5.000892;121.3209;101.5617;359.8393;44.29821;1.40958
/Users/admin/Documents/coding/Robotics-Nanodegree/IMG/robocam_2017_05_30_03_09_43_035.jpg;9.008162;1;0;5.001959;121.6151;101.8423;0.182154;46.43977;1.130484
/Users/admin/Documents/coding/Robotics-Nanodegree/IMG/robocam_2017_05_30_03_09_43_101.jpg;6.05049;1;0;5.008943;121.825;102.0582;0.2464326;48.05141;0.9644367
/Users/admin/Documents/coding/Robotics-Nanodegree/IMG/robocam_2017_05_30_03_09_43_168.jpg;0;1;0;5.013177;122.0275;102.2802;0.2404641;49.20168;0.9072618
/Users/admin/Documents/coding/Robotics-Nanodegree/IMG/robocam_2017_05_30_03_09_43_234.jpg;-2.996955;1;0;5.011526;122.2929;102.5804;0.2325407;49.54287;0.882848
/Users/admin/Documents/coding/Robotics-Nanodegree/IMG/robocam_2017_05_30_03_09_43_301.jpg;-5.95386;1;0;5.012001;122.4924;102.8063;0.2622562;49.19169;0.825527
/Users/admin/Documents/coding/Robotics-Nanodegree/IMG/robocam_2017_05_30_03_09_43_368.jpg;-9.000045;1;0;5.011132;122.695;103.0309;0.3491854;48.39317;0.6880301
/Users/admin/Documents/coding/Robotics-Nanodegree/IMG/robocam_2017_05_30_03_09_43_435.jpg;-12.00006;1;0;5.015022;122.973;103.3249;0.5477367;46.65044;0.3082158
/Users/admin/Documents/coding/Robotics-Nanodegree/IMG/robocam_2017_05_30_03_09_43_501.jpg;-15;1;0;5.005313;123.1887;103.5387;0.7305332;44.87192;359.8443
/Users/admin/Documents/coding/Robotics-Nanodegree/IMG/robocam_2017_05_30_03_09_43_568.jpg;-15;1;0;5.009871;123.4083;103.7461;0.8318944;42.89702;359.3503
/Users/admin/Documents/coding/Robotics-Nanodegree/IMG/robocam_2017_05_30_03_09_43_635.jpg;-15;1;0;5.006907;123.7049;104.0113;0.7345302;39.99737;358.7575
/Users/admin/Documents/coding/Robotics-Nanodegree/IMG/robocam_2017_05_30_03_09_43_702.jpg;-15;1;0;5.005225;123.93;104.2009;0.4566675;37.92993;358.4141
/Users/admin/Documents/coding/Robotics-Nanodegree/IMG/robocam_2017_05_30_03_09_43_767.jpg;-15;1;0;5.001754;124.1573;104.383;0.008081288;36.16733;358.2171
/Users/admin/Documents/coding/Robotics-Nanodegree/IMG/robocam_2017_05_30_03_09_43_834.jpg;-15;1;0;5.000326;124.4717;104.6202;359.7167;34.0757;358.2366
/Users/admin/Documents/coding/Robotics-Nanodegree/IMG/robocam_2017_05_30_03_09_43_901.jpg;-15;1;0;5.000309;124.7174;104.7934;359.7955;32.48768;358.4459
/Users/admin/Documents/coding/Robotics-Nanodegree/IMG/robocam_2017_05_30_03_09_43_968.jpg;-15;1;0;5.001562;124.971;104.9604;0.03192324;30.80814;358.731
/Users/admin/Documents/coding/Robotics-Nanodegree/IMG/robocam_2017_05_30_03_09_44_035.jpg;-15;1;0;5.009961;125.322;105.1627;0.2822709;27.20078;358.9525
/Users/admin/Documents/coding/Robotics-Nanodegree/IMG/robocam_2017_05_30_03_09_44_101.jpg;-15;1;0;5.005924;125.5884;105.2973;0.2235742;24.51085;358.9525
/Users/admin/Documents/coding/Robotics-Nanodegree/IMG/robocam_2017_05_30_03_09_44_168.jpg;-15;1;0;5.015394;125.8588;105.4179;0.01012533;21.8977;358.8108
/Users/admin/Documents/coding/Robotics-Nanodegree/IMG/robocam_2017_05_30_03_09_44_235.jpg;-15;1;0;5.001581;126.23;105.5648;0.01199648;19.04866;358.6217
/Users/admin/Documents/coding/Robotics-Nanodegree/IMG/robocam_2017_05_30_03_09_44_302.jpg;-15;1;0;5.001835;126.5119;105.6662;0.009970795;17.10269;358.6512
/Users/admin/Documents/coding/Robotics-Nanodegree/IMG/robocam_2017_05_30_03_09_44_368.jpg;-15;1;0;5.002194;126.797;105.7578;0.01575415;15.11743;358.7217
/Users/admin/Documents/coding/Robotics-Nanodegree/IMG/robocam_2017_05_30_03_09_44_435.jpg;-13.49943;1;0;5.003733;127.1826;105.8615;359.9882;12.4375;358.8116
/Users/admin/Documents/coding/Robotics-Nanodegree/IMG/robocam_2017_05_30_03_09_44_501.jpg;-10.50022;1;0;5.002186;127.4765;105.9273;0.04271158;10.68226;358.852
/Users/admin/Documents/coding/Robotics-Nanodegree/IMG/robocam_2017_05_30_03_09_44_568.jpg;-7.500345;1;0;5.006725;127.771;105.983;0.02798457;9.226089;358.8283
/Users/admin/Documents/coding/Robotics-Nanodegree/IMG/robocam_2017_05_30_03_09_44_635.jpg;-4.500195;1;0;5.015189;128.1656;106.0488;0.003170915;7.798378;358.8891
/Users/admin/Documents/coding/Robotics-Nanodegree/IMG/robocam_2017_05_30_03_09_44_700.jpg;-7.500211;1;0;5.008948;128.4635;106.0892;0.01833025;6.893021;358.8459
/Users/admin/Documents/coding/Robotics-Nanodegree/IMG/robocam_2017_05_30_03_09_44_767.jpg;-10.45626;1;0;5.010767;128.7614;106.1247;0.001386208;5.8638;358.8681
/Users/admin/Documents/coding/Robotics-Nanodegree/IMG/robocam_2017_05_30_03_09_44_834.jpg;-13.48993;1;0;5.011181;129.1598;106.1591;-0.004861547;3.960609;358.8265
/Users/admin/Documents/coding/Robotics-Nanodegree/IMG/robocam_2017_05_30_03_09_44_901.jpg;-15;1;0;5.00955;129.4596;106.1756;0.01146746;2.201424;358.8001
/Users/admin/Documents/coding/Robotics-Nanodegree/IMG/robocam_2017_05_30_03_09_44_968.jpg;-15;1;0;5.004346;129.7594;106.1849;0.02142017;0.3527374;358.8318
/Users/admin/Documents/coding/Robotics-Nanodegree/IMG/robocam_2017_05_30_03_09_45_034.jpg;-15;1;0;5.006045;130.1588;106.1809;-0.001000142;357.7245;358.8297
/Users/admin/Documents/coding/Robotics-Nanodegree/IMG/robocam_2017_05_30_03_09_45_102.jpg;-15;1;0;5.010964;130.4585;106.167;0.009997529;355.7421;358.8402
/Users/admin/Documents/coding/Robotics-Nanodegree/IMG/robocam_2017_05_30_03_09_45_168.jpg;-13.50271;1;0;5.009085;130.7571;106.1425;0.001243308;353.7713;358.8256
/Users/admin/Documents/coding/Robotics-Nanodegree/IMG/robocam_2017_05_30_03_09_45_235.jpg;-10.49802;1;0;5.008245;131.1547;106.0966;0.02090155;351.4483;358.8398
/Users/admin/Documents/coding/Robotics-Nanodegree/IMG/robocam_2017_05_30_03_09_45_302.jpg;-7.50516;1;0;5.013632;131.4513;106.0521;0.004537327;350.0837;358.8296
/Users/admin/Documents/coding/Robotics-Nanodegree/IMG/robocam_2017_05_30_03_09_45_367.jpg;-4.497853;1;0;5.01464;131.7472;106.0017;-0.000506768;349.0536;358.8471
/Users/admin/Documents/coding/Robotics-Nanodegree/IMG/robocam_2017_05_30_03_09_45_434.jpg;-1.535458;1;0;5.011144;132.1413;105.9277;0.01741997;348.2432;358.9203
/Users/admin/Documents/coding/Robotics-Nanodegree/IMG/robocam_2017_05_30_03_09_45_502.jpg;0;1;0;5.011714;132.4365;105.8687;0.04174265;348.0035;358.9831
/Users/admin/Documents/coding/Robotics-Nanodegree/IMG/robocam_2017_05_30_03_09_45_567.jpg;0;1;0;5.012064;132.7319;105.8076;0.09574746;347.9122;359.0453
/Users/admin/Documents/coding/Robotics-Nanodegree/IMG/robocam_2017_05_30_03_09_45_635.jpg;0;1;0;5.011528;133.1265;105.7245;0.2327246;347.8821;359.1391
/Users/admin/Documents/coding/Robotics-Nanodegree/IMG/robocam_2017_05_30_03_09_45_702.jpg;0;1;0;5.019162;133.4235;105.6614;0.3935743;347.871;359.2241
/Users/admin/Documents/coding/Robotics-Nanodegree/IMG/robocam_2017_05_30_03_09_45_768.jpg;0;1;0;5.017327;133.7203;105.5984;0.553706;347.8787;359.3453
/Users/admin/Documents/coding/Robotics-Nanodegree/IMG/robocam_2017_05_30_03_09_45_834.jpg;0;1;0;5.006896;134.1166;105.5144;0.7899374;347.8911;359.5365
/Users/admin/Documents/coding/Robotics-Nanodegree/IMG/robocam_2017_05_30_03_09_45_902.jpg;0;1;0;5.01422;134.4142;105.4512;0.9873978;347.9127;359.6861
/Users/admin/Documents/coding/Robotics-Nanodegree/IMG/robocam_2017_05_30_03_09_45_968.jpg;0;1;0;5.0188;134.7118;105.3883;1.192397;347.9512;359.8388
/Users/admin/Documents/coding/Robotics-Nanodegree/IMG/robocam_2017_05_30_03_09_46_035.jpg;0;1;0;4.990091;135.1087;105.3041;1.45947;347.9949;-0.0009672124
/Users/admin/Documents/coding/Robotics-Nanodegree/IMG/robocam_2017_05_30_03_09_46_102.jpg;0;1;0;5.007283;135.4029;105.2396;1.489688;347.9694;-0.004786164
/Users/admin/Documents/coding/Robotics-Nanodegree/IMG/robocam_2017_05_30_03_09_46_168.jpg;-1.501468;1;0;4.932777;135.6944;105.1759;1.405708;347.9242;-0.0009439173
/Users/admin/Documents/coding/Robotics-Nanodegree/IMG/robocam_2017_05_30_03_09_46_235.jpg;-4.502429;1;0;5.012416;136.0849;105.088;1.356409;347.4946;2.812905E-05
/Users/admin/Documents/coding/Robotics-Nanodegree/IMG/robocam_2017_05_30_03_09_46_302.jpg;-7.498078;1;0;5.01092;136.3774;105.0189;1.339829;346.7771;0.0001864938
/Users/admin/Documents/coding/Robotics-Nanodegree/IMG/robocam_2017_05_30_03_09_46_368.jpg;-10.47388;1;0;5.006547;136.6691;104.9453;1.338548;345.7906;359.9595
/Users/admin/Documents/coding/Robotics-Nanodegree/IMG/robocam_2017_05_30_03_09_46_435.jpg;-13.50112;1;0;5.015011;137.0538;104.8363;1.289241;343.6429;359.7196
/Users/admin/Documents/coding/Robotics-Nanodegree/IMG/robocam_2017_05_30_03_09_46_502.jpg;-15;1;0;5.014657;137.337;104.7482;1.077751;341.6386;359.5483
/Users/admin/Documents/coding/Robotics-Nanodegree/IMG/robocam_2017_05_30_03_09_46_568.jpg;-15;1;0;5.0071;137.6147;104.6525;0.7017614;339.4156;359.356
/Users/admin/Documents/coding/Robotics-Nanodegree/IMG/robocam_2017_05_30_03_09_46_634.jpg;-15;1;0;5.009079;137.9766;104.5074;0.1288529;336.4645;358.881
/Users/admin/Documents/coding/Robotics-Nanodegree/IMG/robocam_2017_05_30_03_09_46_701.jpg;-15;1;0;5.005295;138.2448;104.3897;359.7551;334.4689;358.5748
/Users/admin/Documents/coding/Robotics-Nanodegree/IMG/robocam_2017_05_30_03_09_46_768.jpg;-13.46658;1;0;5.000692;138.5158;104.2651;359.7004;332.7581;358.5064
/Users/admin/Documents/coding/Robotics-Nanodegree/IMG/robocam_2017_05_30_03_09_46_835.jpg;-10.47664;1;0;5.001061;138.8773;104.0865;359.9236;330.8144;358.6353
/Users/admin/Documents/coding/Robotics-Nanodegree/IMG/robocam_2017_05_30_03_09_46_902.jpg;-7.482615;1;0;5.002171;139.1458;103.9429;0.1414043;329.3231;358.8564
/Users/admin/Documents/coding/Robotics-Nanodegree/IMG/robocam_2017_05_30_03_09_46_968.jpg;-4.467032;1;0;5.008422;139.4074;103.7926;0.2121775;327.8879;359.0616
/Users/admin/Documents/coding/Robotics-Nanodegree/IMG/robocam_2017_05_30_03_09_47_035.jpg;-1.466791;1;0;5.011349;139.7482;103.5802;0.2694122;326.8143;359.12
/Users/admin/Documents/coding/Robotics-Nanodegree/IMG/robocam_2017_05_30_03_09_47_101.jpg;0;1;0;5.011622;140.0017;103.4172;0.3096271;326.5109;359.1349
/Users/admin/Documents/coding/Robotics-Nanodegree/IMG/robocam_2017_05_30_03_09_47_167.jpg;-1.54539;1;0;5.011764;140.2542;103.2527;0.3499879;326.3779;359.1668
/Users/admin/Documents/coding/Robotics-Nanodegree/IMG/robocam_2017_05_30_03_09_47_234.jpg;-4.545448;1;0;5.017997;140.5887;103.0289;0.4362275;325.9119;359.1743
/Users/admin/Documents/coding/Robotics-Nanodegree/IMG/robocam_2017_05_30_03_09_47_302.jpg;-7.546366;1;0;5.005821;140.8365;102.8583;0.4649231;325.1816;359.1799
/Users/admin/Documents/coding/Robotics-Nanodegree/IMG/robocam_2017_05_30_03_09_47_368.jpg;-10.54197;1;0;4.99591;141.0804;102.6841;0.4289199;324.0698;359.1763
/Users/admin/Documents/coding/Robotics-Nanodegree/IMG/robocam_2017_05_30_03_09_47_435.jpg;-13.51165;1;0;4.997344;141.3968;102.4425;0.3091798;322.0291;359.0348
/Users/admin/Documents/coding/Robotics-Nanodegree/IMG/robocam_2017_05_30_03_09_47_502.jpg;-15;1;0;5.002803;141.6265;102.2556;0.08655291;320.0341;358.9059
/Users/admin/Documents/coding/Robotics-Nanodegree/IMG/robocam_2017_05_30_03_09_47_568.jpg;-15;1;0;5.008234;141.8512;102.0613;359.9336;318.0674;358.7308
/Users/admin/Documents/coding/Robotics-Nanodegree/IMG/robocam_2017_05_30_03_09_47_634.jpg;-15;1;0;5.002696;142.1477;101.7909;0.03831704;315.6583;358.6728
/Users/admin/Documents/coding/Robotics-Nanodegree/IMG/robocam_2017_05_30_03_09_47_702.jpg;-15;1;0;5.020205;142.3615;101.5818;-0.005177497;313.7236;358.711
/Users/admin/Documents/coding/Robotics-Nanodegree/IMG/robocam_2017_05_30_03_09_47_768.jpg;-15;1;0;5.001875;142.5699;101.3657;0.008212609;311.841;358.826
/Users/admin/Documents/coding/Robotics-Nanodegree/IMG/robocam_2017_05_30_03_09_47_835.jpg;-13.47441;1;0;5.008658;142.8327;101.0648;-0.0003763007;309.1751;358.8354
/Users/admin/Documents/coding/Robotics-Nanodegree/IMG/robocam_2017_05_30_03_09_47_901.jpg;-10.47538;1;0;5.010585;143.0214;100.8313;0.0130498;307.4347;358.8177
/Users/admin/Documents/coding/Robotics-Nanodegree/IMG/robocam_2017_05_30_03_09_47_968.jpg;-10.53519;1;0;5.008552;143.2043;100.5935;0.01303003;305.9811;358.8243
/Users/admin/Documents/coding/Robotics-Nanodegree/IMG/robocam_2017_05_30_03_09_48_035.jpg;-13.55631;1;0;5.006001;143.4366;100.2677;0.01919451;303.8888;358.8199
/Users/admin/Documents/coding/Robotics-Nanodegree/IMG/robocam_2017_05_30_03_09_48_102.jpg;-15;1;0;5.011905;143.6016;100.0178;0.002795869;302.11;358.8208
/Users/admin/Documents/coding/Robotics-Nanodegree/IMG/robocam_2017_05_30_03_09_48_168.jpg;-15;1;0;5.014872;143.7585;99.76214;0.004078637;300.1563;358.8087
/Users/admin/Documents/coding/Robotics-Nanodegree/IMG/robocam_2017_05_30_03_09_48_235.jpg;-15;0.9000339;0;5.007571;143.9556;99.41402;0.02322294;297.5459;358.8277
/Users/admin/Documents/coding/Robotics-Nanodegree/IMG/robocam_2017_05_30_03_09_48_302.jpg;-15;0.7019799;0;5.008384;144.0917;99.14763;0.002712626;295.5659;358.8023
/Users/admin/Documents/coding/Robotics-Nanodegree/IMG/robocam_2017_05_30_03_09_48_368.jpg;-12.00858;0.502552;0;5.009004;144.2203;98.87722;-0.0006844063;293.6797;358.8187
/Users/admin/Documents/coding/Robotics-Nanodegree/IMG/robocam_2017_05_30_03_09_48_435.jpg;-9.002986;0;0.09784806;4.99322;144.3782;98.51176;0.002502731;291.5193;358.8009
/Users/admin/Documents/coding/Robotics-Nanodegree/IMG/robocam_2017_05_30_03_09_48_502.jpg;-5.968769;0;0.3001292;4.948596;144.4875;98.23775;359.9892;290.335;358.7962
/Users/admin/Documents/coding/Robotics-Nanodegree/IMG/robocam_2017_05_30_03_09_48_568.jpg;-2.970284;0;0.5000281;4.834696;144.5902;97.96761;359.9154;289.4063;358.8306
/Users/admin/Documents/coding/Robotics-Nanodegree/IMG/robocam_2017_05_30_03_09_48_635.jpg;0;0;0.6999811;4.720969;144.7179;97.61994;359.6314;288.9225;359.008
/Users/admin/Documents/coding/Robotics-Nanodegree/IMG/robocam_2017_05_30_03_09_48_701.jpg;0;0;0.900213;4.583251;144.8087;97.36836;359.3712;288.6047;359.2831
/Users/admin/Documents/coding/Robotics-Nanodegree/IMG/robocam_2017_05_30_03_09_48_768.jpg;0;0;1;4.374725;144.8937;97.12641;359.0222;288.2056;359.6228
/Users/admin/Documents/coding/Robotics-Nanodegree/IMG/robocam_2017_05_30_03_09_48_835.jpg;0;0;1;4.206612;144.9985;96.81744;358.495;287.8195;0.1623534
/Users/admin/Documents/coding/Robotics-Nanodegree/IMG/robocam_2017_05_30_03_09_48_902.jpg;0;0;1;4.055182;145.0671;96.59106;358.2397;287.8943;0.1838912
/Users/admin/Documents/coding/Robotics-Nanodegree/IMG/robocam_2017_05_30_03_09_48_968.jpg;0;0;1;3.898636;145.1333;96.36834;358.1546;287.6213;0.04393549
/Users/admin/Documents/coding/Robotics-Nanodegree/IMG/robocam_2017_05_30_03_09_49_035.jpg;0;0;1;3.7781;145.2201;96.07648;358.3882;286.9867;359.785
/Users/admin/Documents/coding/Robotics-Nanodegree/IMG/robocam_2017_05_30_03_09_49_102.jpg;0;0;1;3.657731;145.2866;95.86324;358.7547;286.7748;359.8259
/Users/admin/Documents/coding/Robotics-Nanodegree/IMG/robocam_2017_05_30_03_09_49_167.jpg;0;0;1;3.413118;145.3488;95.66376;358.9614;286.5761;359.9716
/Users/admin/Documents/coding/Robotics-Nanodegree/IMG/robocam_2017_05_30_03_09_49_235.jpg;0;0;1;3.153726;145.417;95.43092;358.5492;286.5255;0.01789408
/Users/admin/Documents/coding/Robotics-Nanodegree/IMG/robocam_2017_05_30_03_09_49_302.jpg;0;0;1;2.98702;145.4644;95.26433;358.3383;286.3358;359.9388
/Users/admin/Documents/coding/Robotics-Nanodegree/IMG/robocam_2017_05_30_03_09_49_368.jpg;0;0;1;2.833591;145.5128;95.10223;358.3008;286.26;0.006653128
/Users/admin/Documents/coding/Robotics-Nanodegree/IMG/robocam_2017_05_30_03_09_49_435.jpg;0;0;1;2.71466;145.5733;94.89101;358.5491;286.2077;359.984
/Users/admin/Documents/coding/Robotics-Nanodegree/IMG/robocam_2017_05_30_03_09_49_502.jpg;0;0;1;2.596989;145.6172;94.74272;358.7706;286.1523;0.009434194
/Users/admin/Documents/coding/Robotics-Nanodegree/IMG/robocam_2017_05_30_03_09_49_568.jpg;0;0;1;2.308035;145.6553;94.61066;358.7477;286.0544;359.9828
/Users/admin/Documents/coding/Robotics-Nanodegree/IMG/robocam_2017_05_30_03_09_49_635.jpg;0;0;1;2.114902;145.7017;94.45062;358.6492;286.0168;0.00690249
/Users/admin/Documents/coding/Robotics-Nanodegree/IMG/robocam_2017_05_30_03_09_49_701.jpg;0;0;1;2.001701;145.734;94.33765;358.6859;285.9947;0.001668446
/Users/admin/Documents/coding/Robotics-Nanodegree/IMG/robocam_2017_05_30_03_09_49_768.jpg;0;0;1;1.784757;145.7633;94.23598;358.6692;285.9688;0.004299003
/Users/admin/Documents/coding/Robotics-Nanodegree/IMG/robocam_2017_05_30_03_09_49_835.jpg;0;0;1;1.592419;145.7982;94.11473;358.6335;285.9303;0.006055644
/Users/admin/Documents/coding/Robotics-Nanodegree/IMG/robocam_2017_05_30_03_09_49_902.jpg;0;0;1;1.486853;145.8216;94.03262;358.6566;285.9158;-0.001646782
/Users/admin/Documents/coding/Robotics-Nanodegree/IMG/robocam_2017_05_30_03_09_49_968.jpg;0;0;1;1.25421;145.8421;93.96223;358.6141;285.9007;0.004999813
/Users/admin/Documents/coding/Robotics-Nanodegree/IMG/robocam_2017_05_30_03_09_50_035.jpg;0;0;1;1.081809;145.8657;93.8797;358.6305;285.8284;0.004710213
/Users/admin/Documents/coding/Robotics-Nanodegree/IMG/robocam_2017_05_30_03_09_50_102.jpg;0;0;1;0.9424054;145.88;93.82974;358.5891;285.7979;-0.005173075
/Users/admin/Documents/coding/Robotics-Nanodegree/IMG/robocam_2017_05_30_03_09_50_168.jpg;0;0;1;0.7139637;145.8915;93.79025;358.5435;285.6725;0.004053586
/Users/admin/Documents/coding/Robotics-Nanodegree/IMG/robocam_2017_05_30_03_09_50_235.jpg;0;0;1;0.4963463;145.901;93.75532;358.4865;285.512;0.005961406
/Users/admin/Documents/coding/Robotics-Nanodegree/IMG/robocam_2017_05_30_03_09_50_302.jpg;0;0;1;0.2935595;145.9044;93.74206;358.4574;285.4536;-0.002771099
/Users/admin/Documents/coding/Robotics-Nanodegree/IMG/robocam_2017_05_30_03_09_50_368.jpg;0;0;1;0.01823748;145.9044;93.74171;358.4454;285.4467;359.9927
/Users/admin/Documents/coding/Robotics-Nanodegree/IMG/robocam_2017_05_30_03_09_50_435.jpg;0;0;1;-0.06814384;145.9044;93.74164;358.8078;285.4391;359.9907
/Users/admin/Documents/coding/Robotics-Nanodegree/IMG/robocam_2017_05_30_03_09_50_502.jpg;0;0;1;-0.1090421;145.9043;93.74176;359.1736;285.4392;359.986
/Users/admin/Documents/coding/Robotics-Nanodegree/IMG/robocam_2017_05_30_03_09_50_568.jpg;0;0;1;-0.1052048;145.9043;93.74188;359.5281;285.4393;359.9821
/Users/admin/Documents/coding/Robotics-Nanodegree/IMG/robocam_2017_05_30_03_09_50_635.jpg;0;0;1;-0.100262;145.9043;93.74203;359.9734;285.4395;359.9779
/Users/admin/Documents/coding/Robotics-Nanodegree/IMG/robocam_2017_05_30_03_09_50_702.jpg;0;0;1;-0.09377458;145.9042;93.74215;0.2803206;285.4396;359.9756
/Users/admin/Documents/coding/Robotics-Nanodegree/IMG/robocam_2017_05_30_03_09_50_768.jpg;0;0;1;-0.08309388;145.9042;93.74226;0.5593685;285.4397;359.9741
/Users/admin/Documents/coding/Robotics-Nanodegree/IMG/robocam_2017_05_30_03_09_50_835.jpg;0;0;1;-0.06993201;145.9042;93.74239;0.8601178;285.44;-0.003578061
/Users/admin/Documents/coding/Robotics-Nanodegree/IMG/robocam_2017_05_30_03_09_50_902.jpg;0;0;1;-0.05595963;145.9041;93.74246;1.02747;285.4394;0.01837162
/Users/admin/Documents/coding/Robotics-Nanodegree/IMG/robocam_2017_05_30_03_09_50_967.jpg;0;0;1;-0.0366462;145.9041;93.74252;1.148681;285.439;0.02189432
/Users/admin/Documents/coding/Robotics-Nanodegree/IMG/robocam_2017_05_30_03_09_51_034.jpg;0;0;1;-0.0169518;145.904;93.74251;1.206821;285.4394;-0.002300843
/Users/admin/Documents/coding/Robotics-Nanodegree/IMG/robocam_2017_05_30_03_09_51_101.jpg;0;0;1;0;145.904;93.74251;1.18219;285.4393;0.0007953928
/Users/admin/Documents/coding/Robotics-Nanodegree/IMG/robocam_2017_05_30_03_09_51_168.jpg;0;0;1;0.01699096;145.9038;93.74243;1.116203;285.4393;-9.413306E-05
/Users/admin/Documents/coding/Robotics-Nanodegree/IMG/robocam_2017_05_30_03_09_51_235.jpg;0;0;1;0.02453292;145.9038;93.74239;1.004034;285.4391;0.01082688
/Users/admin/Documents/coding/Robotics-Nanodegree/IMG/robocam_2017_05_30_03_09_51_302.jpg;0;0;1;0.02858692;145.9038;93.74234;0.9043925;285.4391;0.01783989
/Users/admin/Documents/coding/Robotics-Nanodegree/IMG/robocam_2017_05_30_03_09_51_368.jpg;0;0;1;0.0327721;145.9038;93.74229;0.7945978;285.4391;0.02386493
/Users/admin/Documents/coding/Robotics-Nanodegree/IMG/robocam_2017_05_30_03_09_51_435.jpg;0;0;1;0.03492025;145.9039;93.74222;0.6373419;285.4391;0.03029878
/Users/admin/Documents/coding/Robotics-Nanodegree/IMG/robocam_2017_05_30_03_09_51_502.jpg;0;0;1;0.03624265;145.9039;93.74217;0.5148287;285.4391;0.03402228
/Users/admin/Documents/coding/Robotics-Nanodegree/IMG/robocam_2017_05_30_03_09_51_568.jpg;0;0;1;0.03678768;145.9039;93.74213;0.39131;285.4392;0.0367398
/Users/admin/Documents/coding/Robotics-Nanodegree/IMG/robocam_2017_05_30_03_09_51_635.jpg;0;0;1;0.03634449;145.9039;93.74207;0.2292451;285.4394;0.03885168
/Users/admin/Documents/coding/Robotics-Nanodegree/IMG/robocam_2017_05_30_03_09_51_702.jpg;-3.03957;0;1;0.0352378;145.9039;93.74203;0.1125192;285.4395;0.03937141
/Users/admin/Documents/coding/Robotics-Nanodegree/IMG/robocam_2017_05_30_03_09_51_769.jpg;-6.038956;0;0;0.03285017;145.9039;93.74198;0.001850936;285.0771;0.03905993
/Users/admin/Documents/coding/Robotics-Nanodegree/IMG/robocam_2017_05_30_03_09_51_835.jpg;0;0;0;0.03047044;145.904;93.74194;359.8673;285.0773;0.03660164
/Users/admin/Documents/coding/Robotics-Nanodegree/IMG/robocam_2017_05_30_03_09_51_902.jpg;0;0;0;0.02768507;145.904;93.74191;359.7776;285.0773;0.03408189
/Users/admin/Documents/coding/Robotics-Nanodegree/IMG/robocam_2017_05_30_03_09_51_968.jpg;0;0;0;0.02347669;145.904;93.74187;359.6987;285.0773;0.03109492
/Users/admin/Documents/coding/Robotics-Nanodegree/IMG/robocam_2017_05_30_03_09_52_035.jpg;0;0;0;0.02005895;145.904;93.74184;359.6114;285.0773;0.02655512
/Users/admin/Documents/coding/Robotics-Nanodegree/IMG/robocam_2017_05_30_03_09_52_102.jpg;0;0;0;0.01650806;145.904;93.74181;359.5601;285.0773;0.02286035
/Users/admin/Documents/coding/Robotics-Nanodegree/IMG/robocam_2017_05_30_03_09_52_168.jpg;-1.445265;0;0;0.01170546;145.904;93.7418;359.5208;284.9906;0.01831195
/Users/admin/Documents/coding/Robotics-Nanodegree/IMG/robocam_2017_05_30_03_09_52_235.jpg;-4.491045;0;0;0;145.904;93.74178;359.4883;284.093;0.004348408
/Users/admin/Documents/coding/Robotics-Nanodegree/IMG/robocam_2017_05_30_03_09_52_302.jpg;-7.491149;0;0;0;145.904;93.74178;359.4802;282.8347;359.9893
/Users/admin/Documents/coding/Robotics-Nanodegree/IMG/robocam_2017_05_30_03_09_52_367.jpg;-10.49094;0;0;0;145.904;93.74177;359.485;281.1277;359.9739
/Users/admin/Documents/coding/Robotics-Nanodegree/IMG/robocam_2017_05_30_03_09_52_435.jpg;-13.4915;0;0;0;145.904;93.74178;359.5087;278.0748;359.9525
/Users/admin/Documents/coding/Robotics-Nanodegree/IMG/robocam_2017_05_30_03_09_52_502.jpg;-15;0;0;0;145.904;93.74178;359.5369;275.3751;359.938
/Users/admin/Documents/coding/Robotics-Nanodegree/IMG/robocam_2017_05_30_03_09_52_568.jpg;-15;0;0;0;145.904;93.74178;359.5715;272.675;359.928
/Users/admin/Documents/coding/Robotics-Nanodegree/IMG/robocam_2017_05_30_03_09_52_635.jpg;-15;0;0;-0.01163223;145.904;93.74181;359.6257;269.075;359.9229
/Users/admin/Documents/coding/Robotics-Nanodegree/IMG/robocam_2017_05_30_03_09_52_702.jpg;-15;0;0;-0.01309413;145.904;93.74183;359.6705;266.375;359.9255
/Users/admin/Documents/coding/Robotics-Nanodegree/IMG/robocam_2017_05_30_03_09_52_768.jpg;-15;0;0;-0.01447592;145.904;93.74184;359.7172;263.6751;359.9333
/Users/admin/Documents/coding/Robotics-Nanodegree/IMG/robocam_2017_05_30_03_09_52_836.jpg;-15;0;0;-0.01509193;145.904;93.74186;359.78;260.0752;359.951
/Users/admin/Documents/coding/Robotics-Nanodegree/IMG/robocam_2017_05_30_03_09_52_902.jpg;-15;0;0;-0.01536158;145.904;93.74188;359.826;257.3753;359.9689
/Users/admin/Documents/coding/Robotics-Nanodegree/IMG/robocam_2017_05_30_03_09_52_968.jpg;-15;0;0;-0.01521949;145.904;93.7419;359.8699;254.6753;359.9898
/Users/admin/Documents/coding/Robotics-Nanodegree/IMG/robocam_2017_05_30_03_09_53_035.jpg;-15;0;0;-0.01477176;145.904;93.74192;359.9236;251.0754;0.02079687
/Users/admin/Documents/coding/Robotics-Nanodegree/IMG/robocam_2017_05_30_03_09_53_102.jpg;-15;0;0;-0.01406615;145.9039;93.74194;359.9595;248.3755;0.0452875
/Users/admin/Documents/coding/Robotics-Nanodegree/IMG/robocam_2017_05_30_03_09_53_169.jpg;-15;0;0;-0.01278924;145.9039;93.74195;359.9913;245.6756;0.06983366
/Users/admin/Documents/coding/Robotics-Nanodegree/IMG/robocam_2017_05_30_03_09_53_236.jpg;-15;0;0;-0.0116313;145.9039;93.74197;0.02686267;242.0756;0.1012076
/Users/admin/Documents/coding/Robotics-Nanodegree/IMG/robocam_2017_05_30_03_09_53_302.jpg;-15;0;0;-0.01035024;145.9039;93.742;0.04837044;239.3756;0.1227508
/Users/admin/Documents/coding/Robotics-Nanodegree/IMG/robocam_2017_05_30_03_09_53_368.jpg;-15;0;0;0;145.9039;93.742;0.06561108;236.6756;0.1418806
/Users/admin/Documents/coding/Robotics-Nanodegree/IMG/robocam_2017_05_30_03_09_53_435.jpg;-15;0;0;0;145.9039;93.74201;0.08241604;233.0757;0.1627662
/Users/admin/Documents/coding/Robotics-Nanodegree/IMG/robocam_2017_05_30_03_09_53_502.jpg;-15;0;0;0;145.9039;93.74201;0.09084959;230.3757;0.1744891
/Users/admin/Documents/coding/Robotics-Nanodegree/IMG/robocam_2017_05_30_03_09_53_568.jpg;-15;0;0;0;145.9039;93.74202;0.09618367;227.6758;0.1825858
/Users/admin/Documents/coding/Robotics-Nanodegree/IMG/robocam_2017_05_30_03_09_53_636.jpg;-15;0;0;0;145.9039;93.74203;0.09928869;224.0758;0.1876011
/Users/admin/Documents/coding/Robotics-Nanodegree/IMG/robocam_2017_05_30_03_09_53_702.jpg;-15;0;0;0;145.9039;93.74203;0.0992355;221.3758;0.1870914
/Users/admin/Documents/coding/Robotics-Nanodegree/IMG/robocam_2017_05_30_03_09_53_768.jpg;-15;0;0;0;145.9039;93.74202;0.09766583;218.6759;0.1831027
/Users/admin/Documents/coding/Robotics-Nanodegree/IMG/robocam_2017_05_30_03_09_53_835.jpg;-15;0;0;0;145.904;93.74202;0.09397267;215.076;0.1728374
/Users/admin/Documents/coding/Robotics-Nanodegree/IMG/robocam_2017_05_30_03_09_53_902.jpg;-15;0;0;0;145.904;93.74201;0.0905149;212.3761;0.1618779
/Users/admin/Documents/coding/Robotics-Nanodegree/IMG/robocam_2017_05_30_03_09_53_968.jpg;-15;0;0;0;145.904;93.742;0.08684176;209.6761;0.1485737
/Users/admin/Documents/coding/Robotics-Nanodegree/IMG/robocam_2017_05_30_03_09_54_035.jpg;-15;0;0;0;145.904;93.742;0.08207749;206.0762;0.1279598
/Users/admin/Documents/coding/Robotics-Nanodegree/IMG/robocam_2017_05_30_03_09_54_102.jpg;-15;0;0;0;145.904;93.74199;0.07886391;203.3762;0.1109445
/Users/admin/Documents/coding/Robotics-Nanodegree/IMG/robocam_2017_05_30_03_09_54_168.jpg;-15;0;0;0;145.904;93.74198;0.07610679;200.6763;0.09311026
/Users/admin/Documents/coding/Robotics-Nanodegree/IMG/robocam_2017_05_30_03_09_54_234.jpg;-15;0;0;0;145.904;93.74197;0.07326071;197.0763;0.0688252
/Users/admin/Documents/coding/Robotics-Nanodegree/IMG/robocam_2017_05_30_03_09_54_301.jpg;-12.0124;0;0;0;145.904;93.74196;0.07212922;194.8221;0.05023357
/Users/admin/Documents/coding/Robotics-Nanodegree/IMG/robocam_2017_05_30_03_09_54_368.jpg;-8.999788;0;0;0;145.904;93.74195;0.0714207;193.0185;0.03170999
/Users/admin/Documents/coding/Robotics-Nanodegree/IMG/robocam_2017_05_30_03_09_54_435.jpg;-5.999775;0;0;0;145.904;93.74194;0.0703159;191.3965;0.007657048
/Users/admin/Documents/coding/Robotics-Nanodegree/IMG/robocam_2017_05_30_03_09_54_502.jpg;-3.00003;0;0;0;145.904;93.74193;0.0687527;190.7665;359.9905
/Users/admin/Documents/coding/Robotics-Nanodegree/IMG/robocam_2017_05_30_03_09_54_568.jpg;-0.04325956;0;0;0;145.904;93.74192;0.06614716;190.584;359.9745
/Users/admin/Documents/coding/Robotics-Nanodegree/IMG/robocam_2017_05_30_03_09_54_635.jpg;0;0;0;0;145.904;93.74192;0.06098713;190.584;359.956
/Users/admin/Documents/coding/Robotics-Nanodegree/IMG/robocam_2017_05_30_03_09_54_702.jpg;0;0;0;0;145.904;93.74192;0.05607757;190.584;359.9445
/Users/admin/Documents/coding/Robotics-Nanodegree/IMG/robocam_2017_05_30_03_09_54_768.jpg;0;0;0;0;145.904;93.74193;0.05045183;190.584;359.9352
/Users/admin/Documents/coding/Robotics-Nanodegree/IMG/robocam_2017_05_30_03_09_54_835.jpg;0;0;0;0;145.904;93.74192;0.04211365;190.584;359.9261
/Users/admin/Documents/coding/Robotics-Nanodegree/IMG/robocam_2017_05_30_03_09_54_902.jpg;-3.05451;0;0;0;145.904;93.74192;0.03604187;190.1245;359.922
/Users/admin/Documents/coding/Robotics-Nanodegree/IMG/robocam_2017_05_30_03_09_54_968.jpg;-6.053174;0;0;0;145.904;93.74193;0.0303785;189.2145;359.92
/Users/admin/Documents/coding/Robotics-Nanodegree/IMG/robocam_2017_05_30_03_09_55_036.jpg;-9.029115;0;0;0;145.904;93.74193;0.02367487;187.2246;359.9201
/Users/admin/Documents/coding/Robotics-Nanodegree/IMG/robocam_2017_05_30_03_09_55_102.jpg;-12.05334;0;0;0;145.904;93.74193;0.01927621;185.1451;359.9219
/Users/admin/Documents/coding/Robotics-Nanodegree/IMG/robocam_2017_05_30_03_09_55_169.jpg;-15;0;0;0;145.904;93.74193;0.01526116;182.6187;359.9249
/Users/admin/Documents/coding/Robotics-Nanodegree/IMG/robocam_2017_05_30_03_09_55_236.jpg;-15;0;0;0;145.904;93.74193;0.009797016;179.0186;359.9301
/Users/admin/Documents/coding/Robotics-Nanodegree/IMG/robocam_2017_05_30_03_09_55_303.jpg;-15;0;0;0;145.904;93.74194;0.005411944;176.3186;359.9347
/Users/admin/Documents/coding/Robotics-Nanodegree/IMG/robocam_2017_05_30_03_09_55_369.jpg;-15;0;0;0;145.904;93.74193;0.0008333231;173.6187;359.9397
/Users/admin/Documents/coding/Robotics-Nanodegree/IMG/robocam_2017_05_30_03_09_55_436.jpg;-15;0;0;0;145.904;93.74194;-0.005467593;170.0186;359.9467
/Users/admin/Documents/coding/Robotics-Nanodegree/IMG/robocam_2017_05_30_03_09_55_502.jpg;-13.50006;0;0;0;145.904;93.74194;359.9896;167.4986;359.9521
/Users/admin/Documents/coding/Robotics-Nanodegree/IMG/robocam_2017_05_30_03_09_55_568.jpg;-10.5499;0;0;0;145.904;93.74195;359.9845;165.4255;359.9577
/Users/admin/Documents/coding/Robotics-Nanodegree/IMG/robocam_2017_05_30_03_09_55_636.jpg;-7.503406;0;0;0;145.904;93.74195;359.9776;163.445;359.9654
/Users/admin/Documents/coding/Robotics-Nanodegree/IMG/robocam_2017_05_30_03_09_55_702.jpg;-4.503344;0;0;0;145.904;93.74196;359.9727;162.5449;359.9713
/Users/admin/Documents/coding/Robotics-Nanodegree/IMG/robocam_2017_05_30_03_09_55_767.jpg;-1.500134;0;0;0;145.904;93.74197;359.9684;162.0948;359.9774
/Users/admin/Documents/coding/Robotics-Nanodegree/IMG/robocam_2017_05_30_03_09_55_835.jpg;0;0;0;0;145.904;93.74197;359.9638;162.0885;359.9857
/Users/admin/Documents/coding/Robotics-Nanodegree/IMG/robocam_2017_05_30_03_09_55_901.jpg;0;0;0;0;145.904;93.74197;359.9615;162.0885;359.9917
/Users/admin/Documents/coding/Robotics-Nanodegree/IMG/robocam_2017_05_30_03_09_55_969.jpg;-1.530136;0;0;0;145.904;93.74197;359.9601;161.9967;-0.002805536
/Users/admin/Documents/coding/Robotics-Nanodegree/IMG/robocam_2017_05_30_03_09_56_036.jpg;-4.528666;0;0;0;145.904;93.74198;359.9594;161.0898;0.003373219
/Users/admin/Documents/coding/Robotics-Nanodegree/IMG/robocam_2017_05_30_03_09_56_102.jpg;-7.498622;0;0;0;145.904;93.74197;359.9597;159.8283;0.007079896
/Users/admin/Documents/coding/Robotics-Nanodegree/IMG/robocam_2017_05_30_03_09_56_168.jpg;-10.52573;0;0;0;145.904;93.74198;359.9605;158.1132;0.01004679
/Users/admin/Documents/coding/Robotics-Nanodegree/IMG/robocam_2017_05_30_03_09_56_235.jpg;-13.49199;0;0;0;145.904;93.74201;359.9622;155.0546;0.01290648
/Users/admin/Documents/coding/Robotics-Nanodegree/IMG/robocam_2017_05_30_03_09_56_302.jpg;-15;0;0;0;145.9039;93.742;359.9638;152.3551;0.0144392
/Users/admin/Documents/coding/Robotics-Nanodegree/IMG/robocam_2017_05_30_03_09_56_368.jpg;-12.0278;0;0;0;145.9039;93.742;359.9659;150.0127;0.01593481
/Users/admin/Documents/coding/Robotics-Nanodegree/IMG/robocam_2017_05_30_03_09_56_435.jpg;-8.997002;0;0;0;145.904;93.742;359.9695;147.6724;0.0179157
/Users/admin/Documents/coding/Robotics-Nanodegree/IMG/robocam_2017_05_30_03_09_56_502.jpg;-5.999687;0;0;0;145.904;93.74201;359.9727;146.5012;0.01929491
/Users/admin/Documents/coding/Robotics-Nanodegree/IMG/robocam_2017_05_30_03_09_56_569.jpg;-2.99778;0;0;0;145.904;93.742;359.9763;145.781;0.02046771
/Users/admin/Documents/coding/Robotics-Nanodegree/IMG/robocam_2017_05_30_03_09_56_636.jpg;-0.003300011;0;0;0;145.904;93.74201;359.9817;145.6006;0.02159096
/Users/admin/Documents/coding/Robotics-Nanodegree/IMG/robocam_2017_05_30_03_09_56_701.jpg;0;0;0;0;145.904;93.742;359.9858;145.6006;0.0218842
/Users/admin/Documents/coding/Robotics-Nanodegree/IMG/robocam_2017_05_30_03_09_56_768.jpg;0;0;0;0;145.904;93.742;359.9899;145.6006;0.02170122
/Users/admin/Documents/coding/Robotics-Nanodegree/IMG/robocam_2017_05_30_03_09_56_835.jpg;0;0.203106;0;0.01011087;145.9036;93.74229;0.006211897;145.4761;0.02071324
/Users/admin/Documents/coding/Robotics-Nanodegree/IMG/robocam_2017_05_30_03_09_56_902.jpg;0;0.403077;0;0;145.9024;93.7431;0.04111904;145.5666;0.0194916
/Users/admin/Documents/coding/Robotics-Nanodegree/IMG/robocam_2017_05_30_03_09_56_969.jpg;0;0.6034171;0;0.03917477;145.8984;93.74582;0.145521;145.5291;0.01805229
/Users/admin/Documents/coding/Robotics-Nanodegree/IMG/robocam_2017_05_30_03_09_57_035.jpg;0;0.803166;0;0.0789462;145.8903;93.7514;0.3417866;145.7853;0.01449848
/Users/admin/Documents/coding/Robotics-Nanodegree/IMG/robocam_2017_05_30_03_09_57_102.jpg;0;1;0;0.111377;145.8808;93.75822;0.5495264;145.6887;-0.005298216
/Users/admin/Documents/coding/Robotics-Nanodegree/IMG/robocam_2017_05_30_03_09_57_167.jpg;0;1;0;0.1923035;145.8681;93.76666;0.7869774;145.6329;-0.001015819
/Users/admin/Documents/coding/Robotics-Nanodegree/IMG/robocam_2017_05_30_03_09_57_234.jpg;0;1;0;0.2430983;145.8467;93.78133;1.138248;145.5786;0.0006537994
/Users/admin/Documents/coding/Robotics-Nanodegree/IMG/robocam_2017_05_30_03_09_57_301.jpg;0;1;0;0.2759075;145.8297;93.79301;1.316334;145.6967;-0.003773181
/Users/admin/Documents/coding/Robotics-Nanodegree/IMG/robocam_2017_05_30_03_09_57_368.jpg;0;0.79945;0;0.3480668;145.8139;93.80427;1.243131;145.7046;-0.003371918
/Users/admin/Documents/coding/Robotics-Nanodegree/IMG/robocam_2017_05_30_03_09_57_435.jpg;0;0.598933;0;0.4003371;145.7896;93.82104;1.077387;145.7353;0.001103671
/Users/admin/Documents/coding/Robotics-Nanodegree/IMG/robocam_2017_05_30_03_09_57_502.jpg;0;0.3982301;0;0.4280808;145.7696;93.83477;0.9819458;145.7477;0.002803351
/Users/admin/Documents/coding/Robotics-Nanodegree/IMG/robocam_2017_05_30_03_09_57_536.jpg;0;0.197791;0;0.4432576;145.7559;93.84419;0.9234639;145.8475;0.003940837
/Users/admin/Documents/coding/Robotics-Nanodegree/IMG/robocam_2017_05_30_03_09_57_568.jpg;0;0.197791;0;0.4432576;145.7559;93.84419;0.9234639;145.8475;0.003940837
/Users/admin/Documents/coding/Robotics-Nanodegree/IMG/robocam_2017_05_30_03_09_57_601.jpg;0;0.197791;0;0;145.7559;93.84419;0.9234639;145.8475;0.003940837
/Users/admin/Documents/coding/Robotics-Nanodegree/IMG/robocam_2017_05_30_03_09_57_635.jpg;0;0.197791;0;0;145.7559;93.84419;0.9234639;145.8475;0.003940837
/Users/admin/Documents/coding/Robotics-Nanodegree/IMG/robocam_2017_05_30_03_09_57_668.jpg;0;0.197791;0;0;145.7559;93.84419;0.9234639;145.8475;0.003940837
/Users/admin/Documents/coding/Robotics-Nanodegree/IMG/robocam_2017_05_30_03_09_57_702.jpg;0;0.197791;0;0;145.7559;93.84419;0.9234639;145.8475;0.003940837
/Users/admin/Documents/coding/Robotics-Nanodegree/IMG/robocam_2017_05_30_03_09_57_735.jpg;0;0.197791;0;0;145.7559;93.84419;0.9234639;145.8475;0.003940837
/Users/admin/Documents/coding/Robotics-Nanodegree/IMG/robocam_2017_05_30_03_09_57_768.jpg;0;0.197791;0;0;145.7559;93.84419;0.9234639;145.8475;0.003940837
/Users/admin/Documents/coding/Robotics-Nanodegree/IMG/robocam_2017_05_30_03_09_57_802.jpg;0;0.197791;0;0;145.7559;93.84419;0.9234639;145.8475;0.003940837
/Users/admin/Documents/coding/Robotics-Nanodegree/IMG/robocam_2017_05_30_03_09_57_835.jpg;0;0.197791;0;0;145.7559;93.84419;0.9234639;145.8475;0.003940837
/Users/admin/Documents/coding/Robotics-Nanodegree/IMG/robocam_2017_05_30_03_09_57_868.jpg;0;0.197791;0;0;145.7559;93.84419;0.9234639;145.8475;0.003940837
/Users/admin/Documents/coding/Robotics-Nanodegree/IMG/robocam_2017_05_30_03_09_57_902.jpg;0;0.197791;0;0;145.7559;93.84419;0.9234639;145.8475;0.003940837
/Users/admin/Documents/coding/Robotics-Nanodegree/IMG/robocam_2017_05_30_03_09_57_935.jpg;0;0.197791;0;0;145.7559;93.84419;0.9234639;145.8475;0.003940837
/Users/admin/Documents/coding/Robotics-Nanodegree/IMG/robocam_2017_05_30_03_09_57_968.jpg;0;0.197791;0;0;145.7559;93.84419;0.9234639;145.8475;0.003940837
/Users/admin/Documents/coding/Robotics-Nanodegree/IMG/robocam_2017_05_30_03_09_58_002.jpg;0;0.197791;0;0;145.7559;93.84419;0.9234639;145.8475;0.003940837
/Users/admin/Documents/coding/Robotics-Nanodegree/IMG/robocam_2017_05_30_03_09_58_035.jpg;0;0.197791;0;0;145.7559;93.84419;0.9234639;145.8475;0.003940837
/Users/admin/Documents/coding/Robotics-Nanodegree/IMG/robocam_2017_05_30_03_09_58_068.jpg;0;0.197791;0;0;145.7559;93.84419;0.9234639;145.8475;0.003940837
/Users/admin/Documents/coding/Robotics-Nanodegree/IMG/robocam_2017_05_30_03_09_58_102.jpg;0;0.197791;0;0;145.7559;93.84419;0.9234639;145.8475;0.003940837
/Users/admin/Documents/coding/Robotics-Nanodegree/IMG/robocam_2017_05_30_03_09_58_135.jpg;0;0.197791;0;0;145.7559;93.84419;0.9234639;145.8475;0.003940837
/Users/admin/Documents/coding/Robotics-Nanodegree/IMG/robocam_2017_05_30_03_09_58_168.jpg;0;0.197791;0;0;145.7559;93.84419;0.9234639;145.8475;0.003940837
/Users/admin/Documents/coding/Robotics-Nanodegree/IMG/robocam_2017_05_30_03_09_58_202.jpg;0;0.197791;0;0;145.7559;93.84419;0.9234639;145.8475;0.003940837
/Users/admin/Documents/coding/Robotics-Nanodegree/IMG/robocam_2017_05_30_03_09_58_235.jpg;0;0.197791;0;0;145.7559;93.84419;0.9234639;145.8475;0.003940837
/Users/admin/Documents/coding/Robotics-Nanodegree/IMG/robocam_2017_05_30_03_09_58_268.jpg;0;0.197791;0;0;145.7559;93.84419;0.9234639;145.8475;0.003940837
/Users/admin/Documents/coding/Robotics-Nanodegree/IMG/robocam_2017_05_30_03_09_58_302.jpg;0;0.197791;0;0;145.7559;93.84419;0.9234639;145.8475;0.003940837
/Users/admin/Documents/coding/Robotics-Nanodegree/IMG/robocam_2017_05_30_03_09_58_335.jpg;0;0.197791;0;0;145.7559;93.84419;0.9234639;145.8475;0.003940837
/Users/admin/Documents/coding/Robotics-Nanodegree/IMG/robocam_2017_05_30_03_09_58_368.jpg;0;0.197791;0;0;145.7559;93.84419;0.9234639;145.8475;0.003940837
/Users/admin/Documents/coding/Robotics-Nanodegree/IMG/robocam_2017_05_30_03_09_58_402.jpg;0;0.197791;0;0;145.7559;93.84419;0.9234639;145.8475;0.003940837
/Users/admin/Documents/coding/Robotics-Nanodegree/IMG/robocam_2017_05_30_03_09_58_435.jpg;0;0.197791;0;0;145.7559;93.84419;0.9234639;145.8475;0.003940837
/Users/admin/Documents/coding/Robotics-Nanodegree/IMG/robocam_2017_05_30_03_09_58_468.jpg;0;0.197791;0;0;145.7559;93.84419;0.9234639;145.8475;0.003940837
/Users/admin/Documents/coding/Robotics-Nanodegree/IMG/robocam_2017_05_30_03_09_58_501.jpg;0;0.197791;0;0;145.7559;93.84419;0.9234639;145.8475;0.003940837
/Users/admin/Documents/coding/Robotics-Nanodegree/IMG/robocam_2017_05_30_03_09_58_535.jpg;0;0.197791;0;0;145.7559;93.84419;0.9234639;145.8475;0.003940837
/Users/admin/Documents/coding/Robotics-Nanodegree/IMG/robocam_2017_05_30_03_09_58_569.jpg;0;0.197791;0;0;145.7559;93.84419;0.9234639;145.8475;0.003940837
/Users/admin/Documents/coding/Robotics-Nanodegree/IMG/robocam_2017_05_30_03_09_58_601.jpg;0;0.197791;0;0;145.7559;93.84419;0.9234639;145.8475;0.003940837
/Users/admin/Documents/coding/Robotics-Nanodegree/IMG/robocam_2017_05_30_03_09_58_635.jpg;0;0.197791;0;0;145.7559;93.84419;0.9234639;145.8475;0.003940837
/Users/admin/Documents/coding/Robotics-Nanodegree/IMG/robocam_2017_05_30_03_09_58_668.jpg;0;0.197791;0;0;145.7559;93.84419;0.9234639;145.8475;0.003940837
/Users/admin/Documents/coding/Robotics-Nanodegree/IMG/robocam_2017_05_30_03_09_58_702.jpg;0;0.197791;0;0;145.7559;93.84419;0.9234639;145.8475;0.003940837
/Users/admin/Documents/coding/Robotics-Nanodegree/IMG/robocam_2017_05_30_03_09_58_735.jpg;0;0.197791;0;0;145.7559;93.84419;0.9234639;145.8475;0.003940837
/Users/admin/Documents/coding/Robotics-Nanodegree/IMG/robocam_2017_05_30_03_09_58_768.jpg;0;0.197791;0;0;145.7559;93.84419;0.9234639;145.8475;0.003940837
/Users/admin/Documents/coding/Robotics-Nanodegree/IMG/robocam_2017_05_30_03_09_58_802.jpg;0;0.197791;0;0;145.7559;93.84419;0.9234639;145.8475;0.003940837
/Users/admin/Documents/coding/Robotics-Nanodegree/IMG/robocam_2017_05_30_03_09_58_835.jpg;0;0.197791;0;0;145.7559;93.84419;0.9234639;145.8475;0.003940837
/Users/admin/Documents/coding/Robotics-Nanodegree/IMG/robocam_2017_05_30_03_09_58_868.jpg;0;0.197791;0;0;145.7559;93.84419;0.9234639;145.8475;0.003940837
/Users/admin/Documents/coding/Robotics-Nanodegree/IMG/robocam_2017_05_30_03_09_58_902.jpg;0;0.197791;0;0;145.7559;93.84419;0.9234639;145.8475;0.003940837
/Users/admin/Documents/coding/Robotics-Nanodegree/IMG/robocam_2017_05_30_03_09_58_935.jpg;0;0.197791;0;0;145.7559;93.84419;0.9234639;145.8475;0.003940837
/Users/admin/Documents/coding/Robotics-Nanodegree/IMG/robocam_2017_05_30_03_09_58_968.jpg;0;0.197791;0;0;145.7559;93.84419;0.9234639;145.8475;0.003940837
/Users/admin/Documents/coding/Robotics-Nanodegree/IMG/robocam_2017_05_30_03_09_59_003.jpg;0;0.197791;0;0;145.7559;93.84419;0.9234639;145.8475;0.003940837
/Users/admin/Documents/coding/Robotics-Nanodegree/IMG/robocam_2017_05_30_03_09_59_036.jpg;0;0.197791;0;0;145.7559;93.84419;0.9234639;145.8475;0.003940837
/Users/admin/Documents/coding/Robotics-Nanodegree/IMG/robocam_2017_05_30_03_09_59_069.jpg;0;0.197791;0;0;145.7559;93.84419;0.9234639;145.8475;0.003940837
/Users/admin/Documents/coding/Robotics-Nanodegree/IMG/robocam_2017_05_30_03_09_59_101.jpg;0;0.197791;0;0;145.7559;93.84419;0.9234639;145.8475;0.003940837
/Users/admin/Documents/coding/Robotics-Nanodegree/IMG/robocam_2017_05_30_03_09_59_134.jpg;0;0.197791;0;0;145.7559;93.84419;0.9234639;145.8475;0.003940837
/Users/admin/Documents/coding/Robotics-Nanodegree/IMG/robocam_2017_05_30_03_09_59_168.jpg;0;0.197791;0;0;145.7559;93.84419;0.9234639;145.8475;0.003940837
/Users/admin/Documents/coding/Robotics-Nanodegree/IMG/robocam_2017_05_30_03_09_59_201.jpg;0;0.197791;0;0;145.7559;93.84419;0.9234639;145.8475;0.003940837
/Users/admin/Documents/coding/Robotics-Nanodegree/IMG/robocam_2017_05_30_03_09_59_234.jpg;0;0.197791;0;0;145.7559;93.84419;0.9234639;145.8475;0.003940837
/Users/admin/Documents/coding/Robotics-Nanodegree/IMG/robocam_2017_05_30_03_09_59_268.jpg;0;0.197791;0;0;145.7559;93.84419;0.9234639;145.8475;0.003940837
/Users/admin/Documents/coding/Robotics-Nanodegree/IMG/robocam_2017_05_30_03_09_59_302.jpg;0;0.197791;0;0;145.7559;93.84419;0.9234639;145.8475;0.003940837
/Users/admin/Documents/coding/Robotics-Nanodegree/IMG/robocam_2017_05_30_03_09_59_335.jpg;0;0.197791;0;0;145.7559;93.84419;0.9234639;145.8475;0.003940837
/Users/admin/Documents/coding/Robotics-Nanodegree/IMG/robocam_2017_05_30_03_09_59_369.jpg;0;0.197791;0;0;145.7559;93.84419;0.9234639;145.8475;0.003940837
/Users/admin/Documents/coding/Robotics-Nanodegree/IMG/robocam_2017_05_30_03_09_59_402.jpg;0;0.197791;0;0;145.7559;93.84419;0.9234639;145.8475;0.003940837
/Users/admin/Documents/coding/Robotics-Nanodegree/IMG/robocam_2017_05_30_03_09_59_435.jpg;0;0.197791;0;0;145.7559;93.84419;0.9234639;145.8475;0.003940837
/Users/admin/Documents/coding/Robotics-Nanodegree/IMG/robocam_2017_05_30_03_09_59_468.jpg;0;0.197791;0;0;145.7559;93.84419;0.9234639;145.8475;0.003940837
/Users/admin/Documents/coding/Robotics-Nanodegree/IMG/robocam_2017_05_30_03_09_59_502.jpg;0;0.197791;0;0;145.7559;93.84419;0.9234639;145.8475;0.003940837
/Users/admin/Documents/coding/Robotics-Nanodegree/IMG/robocam_2017_05_30_03_09_59_536.jpg;0;0.197791;0;0;145.7559;93.84419;0.9234639;145.8475;0.003940837
/Users/admin/Documents/coding/Robotics-Nanodegree/IMG/robocam_2017_05_30_03_09_59_569.jpg;0;0.197791;0;0;145.7559;93.84419;0.9234639;145.8475;0.003940837
/Users/admin/Documents/coding/Robotics-Nanodegree/IMG/robocam_2017_05_30_03_09_59_602.jpg;0;0.197791;0;0;145.7559;93.84419;0.9234639;145.8475;0.003940837
/Users/admin/Documents/coding/Robotics-Nanodegree/IMG/robocam_2017_05_30_03_09_59_635.jpg;0;0.197791;0;0;145.7559;93.84419;0.9234639;145.8475;0.003940837
/Users/admin/Documents/coding/Robotics-Nanodegree/IMG/robocam_2017_05_30_03_09_59_669.jpg;0;0.197791;0;0;145.7559;93.84419;0.9234639;145.8475;0.003940837
/Users/admin/Documents/coding/Robotics-Nanodegree/IMG/robocam_2017_05_30_03_09_59_702.jpg;0;0.197791;0;0;145.7559;93.84419;0.9234639;145.8475;0.003940837
/Users/admin/Documents/coding/Robotics-Nanodegree/IMG/robocam_2017_05_30_03_09_59_735.jpg;0;0.197791;0;0;145.7559;93.84419;0.9234639;145.8475;0.003940837
/Users/admin/Documents/coding/Robotics-Nanodegree/IMG/robocam_2017_05_30_03_09_59_768.jpg;0;0.197791;0;0;145.7559;93.84419;0.9234639;145.8475;0.003940837
/Users/admin/Documents/coding/Robotics-Nanodegree/IMG/robocam_2017_05_30_03_09_59_802.jpg;0;0.197791;0;0;145.7559;93.84419;0.9234639;145.8475;0.003940837
/Users/admin/Documents/coding/Robotics-Nanodegree/IMG/robocam_2017_05_30_03_09_59_835.jpg;0;0.197791;0;0;145.7559;93.84419;0.9234639;145.8475;0.003940837
/Users/admin/Documents/coding/Robotics-Nanodegree/IMG/robocam_2017_05_30_03_09_59_869.jpg;0;0.197791;0;0;145.7559;93.84419;0.9234639;145.8475;0.003940837
/Users/admin/Documents/coding/Robotics-Nanodegree/IMG/robocam_2017_05_30_03_09_59_902.jpg;0;0.197791;0;0;145.7559;93.84419;0.9234639;145.8475;0.003940837
/Users/admin/Documents/coding/Robotics-Nanodegree/IMG/robocam_2017_05_30_03_09_59_935.jpg;0;0.197791;0;0;145.7559;93.84419;0.9234639;145.8475;0.003940837
/Users/admin/Documents/coding/Robotics-Nanodegree/IMG/robocam_2017_05_30_03_09_59_969.jpg;0;0.197791;0;0;145.7559;93.84419;0.9234639;145.8475;0.003940837
/Users/admin/Documents/coding/Robotics-Nanodegree/IMG/robocam_2017_05_30_03_10_00_002.jpg;0;0.197791;0;0;145.7559;93.84419;0.9234639;145.8475;0.003940837
/Users/admin/Documents/coding/Robotics-Nanodegree/IMG/robocam_2017_05_30_03_10_00_035.jpg;0;0.197791;0;0;145.7559;93.84419;0.9234639;145.8475;0.003940837
/Users/admin/Documents/coding/Robotics-Nanodegree/IMG/robocam_2017_05_30_03_10_00_068.jpg;0;0.197791;0;0;145.7559;93.84419;0.9234639;145.8475;0.003940837
/Users/admin/Documents/coding/Robotics-Nanodegree/IMG/robocam_2017_05_30_03_10_00_102.jpg;0;0.197791;0;0;145.7559;93.84419;0.9234639;145.8475;0.003940837
/Users/admin/Documents/coding/Robotics-Nanodegree/IMG/robocam_2017_05_30_03_10_00_135.jpg;0;0.197791;0;0;145.7559;93.84419;0.9234639;145.8475;0.003940837
/Users/admin/Documents/coding/Robotics-Nanodegree/IMG/robocam_2017_05_30_03_10_00_168.jpg;0;0.197791;0;0;145.7559;93.84419;0.9234639;145.8475;0.003940837
/Users/admin/Documents/coding/Robotics-Nanodegree/IMG/robocam_2017_05_30_03_10_00_202.jpg;0;0.197791;0;0;145.7559;93.84419;0.9234639;145.8475;0.003940837
/Users/admin/Documents/coding/Robotics-Nanodegree/IMG/robocam_2017_05_30_03_10_00_236.jpg;0;0.197791;0;0;145.7559;93.84419;0.9234639;145.8475;0.003940837
/Users/admin/Documents/coding/Robotics-Nanodegree/IMG/robocam_2017_05_30_03_10_00_268.jpg;0;0.197791;0;0;145.7559;93.84419;0.9234639;145.8475;0.003940837
/Users/admin/Documents/coding/Robotics-Nanodegree/IMG/robocam_2017_05_30_03_10_00_302.jpg;0;0.197791;0;0;145.7559;93.84419;0.9234639;145.8475;0.003940837
/Users/admin/Documents/coding/Robotics-Nanodegree/IMG/robocam_2017_05_30_03_10_00_334.jpg;0;0.197791;0;0;145.7559;93.84419;0.9234639;145.8475;0.003940837
/Users/admin/Documents/coding/Robotics-Nanodegree/IMG/robocam_2017_05_30_03_10_00_369.jpg;0;0.197791;0;0;145.7559;93.84419;0.9234639;145.8475;0.003940837
/Users/admin/Documents/coding/Robotics-Nanodegree/IMG/robocam_2017_05_30_03_10_00_402.jpg;0;0.197791;0;0;145.7559;93.84419;0.9234639;145.8475;0.003940837
/Users/admin/Documents/coding/Robotics-Nanodegree/IMG/robocam_2017_05_30_03_10_00_435.jpg;0;0.197791;0;0;145.7559;93.84419;0.9234639;145.8475;0.003940837
/Users/admin/Documents/coding/Robotics-Nanodegree/IMG/robocam_2017_05_30_03_10_00_469.jpg;0;0.197791;0;0;145.7559;93.84419;0.9234639;145.8475;0.003940837
/Users/admin/Documents/coding/Robotics-Nanodegree/IMG/robocam_2017_05_30_03_10_00_502.jpg;0;0.197791;0;0;145.7559;93.84419;0.9234639;145.8475;0.003940837
/Users/admin/Documents/coding/Robotics-Nanodegree/IMG/robocam_2017_05_30_03_10_00_536.jpg;0;0.197791;0;0;145.7559;93.84419;0.9234639;145.8475;0.003940837
/Users/admin/Documents/coding/Robotics-Nanodegree/IMG/robocam_2017_05_30_03_10_00_568.jpg;0;0.197791;0;0;145.7559;93.84419;0.9234639;145.8475;0.003940837
/Users/admin/Documents/coding/Robotics-Nanodegree/IMG/robocam_2017_05_30_03_10_00_602.jpg;0;0.197791;0;0;145.7559;93.84419;0.9234639;145.8475;0.003940837
/Users/admin/Documents/coding/Robotics-Nanodegree/IMG/robocam_2017_05_30_03_10_00_635.jpg;0;0.197791;0;0;145.7559;93.84419;0.9234639;145.8475;0.003940837
/Users/admin/Documents/coding/Robotics-Nanodegree/IMG/robocam_2017_05_30_03_10_00_669.jpg;0;0.197791;0;0;145.7559;93.84419;0.9234639;145.8475;0.003940837
/Users/admin/Documents/coding/Robotics-Nanodegree/IMG/robocam_2017_05_30_03_10_00_702.jpg;0;0.197791;0;0;145.7559;93.84419;0.9234639;145.8475;0.003940837
/Users/admin/Documents/coding/Robotics-Nanodegree/IMG/robocam_2017_05_30_03_10_00_735.jpg;0;0.197791;0;0;145.7559;93.84419;0.9234639;145.8475;0.003940837
/Users/admin/Documents/coding/Robotics-Nanodegree/IMG/robocam_2017_05_30_03_10_00_769.jpg;0;0.197791;0;0;145.7559;93.84419;0.9234639;145.8475;0.003940837
/Users/admin/Documents/coding/Robotics-Nanodegree/IMG/robocam_2017_05_30_03_10_00_802.jpg;0;0.197791;0;0;145.7559;93.84419;0.9234639;145.8475;0.003940837
/Users/admin/Documents/coding/Robotics-Nanodegree/IMG/robocam_2017_05_30_03_10_00_835.jpg;0;0.197791;0;0;145.7559;93.84419;0.9234639;145.8475;0.003940837
/Users/admin/Documents/coding/Robotics-Nanodegree/IMG/robocam_2017_05_30_03_10_00_868.jpg;0;0.197791;0;0;145.7559;93.84419;0.9234639;145.8475;0.003940837
/Users/admin/Documents/coding/Robotics-Nanodegree/IMG/robocam_2017_05_30_03_10_00_902.jpg;0;0.197791;0;0;145.7559;93.84419;0.9234639;145.8475;0.003940837
/Users/admin/Documents/coding/Robotics-Nanodegree/IMG/robocam_2017_05_30_03_10_00_935.jpg;0;0.197791;0;0;145.7559;93.84419;0.9234639;145.8475;0.003940837
/Users/admin/Documents/coding/Robotics-Nanodegree/IMG/robocam_2017_05_30_03_10_00_969.jpg;0;0.197791;0;0;145.7559;93.84419;0.9234639;145.8475;0.003940837
/Users/admin/Documents/coding/Robotics-Nanodegree/IMG/robocam_2017_05_30_03_10_01_002.jpg;0;0.197791;0;0;145.7559;93.84419;0.9234639;145.8475;0.003940837
/Users/admin/Documents/coding/Robotics-Nanodegree/IMG/robocam_2017_05_30_03_10_01_035.jpg;0;0.197791;0;0;145.7559;93.84419;0.9234639;145.8475;0.003940837
/Users/admin/Documents/coding/Robotics-Nanodegree/IMG/robocam_2017_05_30_03_10_01_069.jpg;0;0.197791;0;0;145.7559;93.84419;0.9234639;145.8475;0.003940837
/Users/admin/Documents/coding/Robotics-Nanodegree/IMG/robocam_2017_05_30_03_10_01_102.jpg;0;0.197791;0;0;145.7559;93.84419;0.9234639;145.8475;0.003940837
/Users/admin/Documents/coding/Robotics-Nanodegree/IMG/robocam_2017_05_30_03_10_01_136.jpg;0;0.197791;0;0;145.7559;93.84419;0.9234639;145.8475;0.003940837
/Users/admin/Documents/coding/Robotics-Nanodegree/IMG/robocam_2017_05_30_03_10_01_169.jpg;0;0.197791;0;0;145.7559;93.84419;0.9234639;145.8475;0.003940837
/Users/admin/Documents/coding/Robotics-Nanodegree/IMG/robocam_2017_05_30_03_10_01_202.jpg;0;0.197791;0;0;145.7559;93.84419;0.9234639;145.8475;0.003940837
/Users/admin/Documents/coding/Robotics-Nanodegree/IMG/robocam_2017_05_30_03_10_01_234.jpg;0;0.197791;0;0;145.7559;93.84419;0.9234639;145.8475;0.003940837
/Users/admin/Documents/coding/Robotics-Nanodegree/IMG/robocam_2017_05_30_03_10_01_269.jpg;0;0.197791;0;0;145.7559;93.84419;0.9234639;145.8475;0.003940837
/Users/admin/Documents/coding/Robotics-Nanodegree/IMG/robocam_2017_05_30_03_10_01_302.jpg;0;0.197791;0;0;145.7559;93.84419;0.9234639;145.8475;0.003940837
/Users/admin/Documents/coding/Robotics-Nanodegree/IMG/robocam_2017_05_30_03_10_01_335.jpg;0;0.197791;0;0;145.7559;93.84419;0.9234639;145.8475;0.003940837
/Users/admin/Documents/coding/Robotics-Nanodegree/IMG/robocam_2017_05_30_03_10_01_369.jpg;0;0.197791;0;0;145.7559;93.84419;0.9234639;145.8475;0.003940837
/Users/admin/Documents/coding/Robotics-Nanodegree/IMG/robocam_2017_05_30_03_10_01_402.jpg;0;0.197791;0;0;145.7559;93.84419;0.9234639;145.8475;0.003940837
/Users/admin/Documents/coding/Robotics-Nanodegree/IMG/robocam_2017_05_30_03_10_01_435.jpg;0;0.197791;0;0;145.7559;93.84419;0.9234639;145.8475;0.003940837
/Users/admin/Documents/coding/Robotics-Nanodegree/IMG/robocam_2017_05_30_03_10_01_469.jpg;0;0.197791;0;0;145.7559;93.84419;0.9234639;145.8475;0.003940837
/Users/admin/Documents/coding/Robotics-Nanodegree/IMG/robocam_2017_05_30_03_10_01_502.jpg;0;0.197791;0;0;145.7559;93.84419;0.9234639;145.8475;0.003940837
/Users/admin/Documents/coding/Robotics-Nanodegree/IMG/robocam_2017_05_30_03_10_01_536.jpg;0;0.197791;0;0;145.7559;93.84419;0.9234639;145.8475;0.003940837
/Users/admin/Documents/coding/Robotics-Nanodegree/IMG/robocam_2017_05_30_03_10_01_569.jpg;0;0.197791;0;0;145.7559;93.84419;0.9234639;145.8475;0.003940837
/Users/admin/Documents/coding/Robotics-Nanodegree/IMG/robocam_2017_05_30_03_10_01_602.jpg;0;0.197791;0;0;145.7559;93.84419;0.9234639;145.8475;0.003940837
/Users/admin/Documents/coding/Robotics-Nanodegree/IMG/robocam_2017_05_30_03_10_01_635.jpg;0;0.197791;0;0;145.7559;93.84419;0.9234639;145.8475;0.003940837
/Users/admin/Documents/coding/Robotics-Nanodegree/IMG/robocam_2017_05_30_03_10_01_669.jpg;0;0.197791;0;0;145.7559;93.84419;0.9234639;145.8475;0.003940837
/Users/admin/Documents/coding/Robotics-Nanodegree/IMG/robocam_2017_05_30_03_10_01_702.jpg;0;0.197791;0;0;145.7559;93.84419;0.9234639;145.8475;0.003940837
/Users/admin/Documents/coding/Robotics-Nanodegree/IMG/robocam_2017_05_30_03_10_01_735.jpg;0;0.197791;0;0;145.7559;93.84419;0.9234639;145.8475;0.003940837
